id,published,title,summary
https://www.lemonde.fr/disparitions/article/2022/09/30/la-mort-du-rappeur-americain-coolio-figure-du-rap-des-annees-1990_6143774_3382.html,"Fri, 30 Sep 2022 04:14:59 +0200","La mort du rappeur américain Coolio, figure du rap des années 1990","L’auteur du tube « Gangsta’s Paradise » avait su se placer au-dessus de la rivalité qui opposa dans les années 1990 les rappeurs issus de la côte ouest des Etats-Unis à ceux de la côte est. Il s’est éteint, le 28 septembre, à l’âge de 59 ans."
https://www.lemonde.fr/disparitions/article/2022/09/29/iconoclaste-intellectuel-revendique-paul-veyne-frayait-sa-propre-voie_6143723_3382.html,"Thu, 29 Sep 2022 16:09:52 +0200","Iconoclaste intellectuel revendiqué, Paul Veyne frayait sa propre voie","L’œuvre de l’historien, décédé le 29 septembre, apportait une analyse pluridisciplinaire, à l’encontre des grands paradigmes de pensée. Critiquée parfois, elle ne pouvait laisser indifférent."
https://www.lemonde.fr/le-monde-des-religions/article/2022/09/29/paul-veyne-la-question-des-origines-chretiennes-de-la-france-est-un-faux-debat_6143709_6038514.html,"Thu, 29 Sep 2022 15:00:13 +0200",Paul Veyne : « La question des origines chrétiennes de la France est un faux débat »,"Pour l’historien Paul Veyne, qui s’est éteint jeudi 29 septembre 2022, la religion n’est qu’un des éléments d’une civilisation, et non sa matrice, comme il l’expliquait en 2016 dans un entretien au « Monde des religions »."
https://www.lemonde.fr/disparitions/article/2022/09/29/l-historien-paul-veyne-specialiste-de-l-antiquite-grecque-et-romaine-est-mort_6143689_3382.html,"Thu, 29 Sep 2022 11:36:28 +0200","L’historien Paul Veyne, spécialiste de l’Antiquité grecque et romaine, est mort","Professeur à l’université de Provence et à l’Ecole pratique des hautes études, chercheur original et libre, il a détenu la chaire Histoire de Rome au Collège de France. Il est mort, jeudi, à l’âge de 92 ans."
https://www.lemonde.fr/disparitions/article/2022/09/29/la-disparition-de-l-americaine-hilaree-nelson-legende-de-l-alpinisme_6143638_3382.html,"Thu, 29 Sep 2022 06:30:26 +0200","La disparition de l’Américaine Hilaree Nelson, légende de l’alpinisme","La skieuse-alpiniste, pionnière dans son domaine, est décédée, mercredi 28 septembre, à l’âge de 49 ans, après une ultime expédition himalayenne."
https://www.lemonde.fr/disparitions/article/2022/09/29/mort-du-rappeur-americain-coolio-connu-notamment-pour-son-tube-gangsta-s-paradise_6143614_3382.html,"Thu, 29 Sep 2022 04:53:15 +0200","Coolio, le rappeur qui s’est fait connaître du grand public avec « Gangsta’s Paradise », est mort","L’artiste de 59 ans, Artis Leon Ivey Jr., de son vrai nom, a été découvert inconscient chez un ami à Los Angeles. En plus de ce titre phare, il avait également enregistré « Fantastic Voyage » au cours d’une longue et riche carrière."
https://www.lemonde.fr/disparitions/article/2022/09/28/la-mort-de-michel-pincon-sociologue-contempteur-des-puissances-de-l-argent_6143585_3382.html,"Wed, 28 Sep 2022 18:40:28 +0200","La mort de Michel Pinçon, sociologue contempteur des « puissances de l’argent »","Connu pour ses travaux sur les catégories les plus riches, qu’il avait cosignés avec son épouse Monique Charlot, il s’était distingué par la radicalité de ses analyses."
https://www.lemonde.fr/disparitions/article/2022/09/28/le-sociologue-michel-pincon-est-mort_6143524_3382.html,"Wed, 28 Sep 2022 11:59:44 +0200","Le sociologue Michel Pinçon, observateur de la grande bourgeoisie, est mort à l’âge de 80 ans","Ex-directeur de recherche au CNRS, il avait commencé comme sociologue des ouvriers, avant d’étudier la transmission de la richesse."
https://www.lemonde.fr/sport/article/2022/09/28/l-alpiniste-hilaree-nelson-retrouvee-morte-sur-les-pentes-du-mont-manaslu-dans-l-himalaya_6143506_3242.html,"Wed, 28 Sep 2022 10:17:03 +0200",L’alpiniste Hilaree Nelson retrouvée morte sur les pentes de l’Himalaya,"L’aventurière américaine de 49 ans était une grande figure de l’alpinisme, réalisant notamment la première descente à ski du mont Lhotse."
https://www.lemonde.fr/afrique/article/2022/09/27/aicha-ech-chenna-figure-de-la-lutte-pour-les-droits-des-femmes-au-maroc-est-morte_6143439_3212.html,"Tue, 27 Sep 2022 19:00:17 +0200","Aïcha Ech-Chenna, figure de la lutte pour les droits des femmes au Maroc, est morte","Le sort des mères célibataires et de leurs enfants était au cœur du combat de la militante, présidente fondatrice de l’association Solidarité féminine."
https://www.lemonde.fr/international/article/2022/09/26/youssef-al-qaradawi-predicateur-sunnite-et-guide-spirituel-des-freres-musulmans-est-mort_6143276_3210.html,"Mon, 26 Sep 2022 17:38:03 +0200","Youssef Al-Qaradawi, prédicateur sunnite et guide spirituel des Frères musulmans, est mort","Le cheikh égyptien est mort le 26 septembre. Suivi par des millions de fidèles, il prétendait incarner un islam « du juste milieu ». Certains de ses prêches, à connotation antisémite ou légitimant la violence à l’encontre des femmes, ont fait scandale."
https://www.lemonde.fr/culture/article/2022/09/26/le-jazzman-pharoah-sanders-est-mort_6143249_3246.html,"Mon, 26 Sep 2022 15:12:17 +0200",Le jazzman Pharoah Sanders est mort,"Le saxophoniste et compositeur accompagna John Coltrane dans les années 1960, avant de mener une longue carrière solo. Il s’est éteint, le 24 septembre, à l’âge de 81 ans."
https://www.lemonde.fr/disparitions/article/2022/09/25/mort-de-la-romanciere-hilary-mantel_6143130_3382.html,"Sun, 25 Sep 2022 18:35:36 +0200",Mort de la romancière Hilary Mantel,"Autrice de romans historiques, célèbre pour sa trilogie sur Thomas Cromwell, l’écrivaine est décédée le 22 septembre."
https://www.lemonde.fr/disparitions/article/2022/09/24/legende-du-jazz-le-saxophoniste-pharoah-sanders-est-mort_6143040_3382.html,"Sat, 24 Sep 2022 17:32:54 +0200","Légende du jazz, le saxophoniste Pharoah Sanders est mort","Le saxophoniste et compositeur fut le compagnon musical des dernières années de John Coltrane. Tout au long de sa carrière, il a embrassé l’influence des musiques africaine et indienne."
https://www.lemonde.fr/disparitions/article/2022/09/24/mort-de-l-actrice-louise-fletcher-connue-pour-son-role-d-infirmiere-dans-vol-au-dessus-d-un-nid-de-coucou_6143033_3382.html,"Sat, 24 Sep 2022 15:58:09 +0200","Mort de l’actrice Louise Fletcher, connue pour son rôle d’infirmière dans « Vol au-dessus d’un nid de coucou »",Elle avait reçu l’Oscar de la meilleure actrice en 1976 pour avoir incarné l’infirmière tyrannique dans le chef-d’œuvre de Milos Forman.
https://www.lemonde.fr/disparitions/article/2022/09/23/la-mort-de-l-ecrivain-francois-bott-ancien-responsable-du-monde-des-livres_6142927_3382.html,"Fri, 23 Sep 2022 18:08:51 +0200","La mort de l’écrivain François Bott, ancien responsable du « Monde des livres »","Responsable du « Monde des livres » de 1983 à 1991, il laisse derrière lui le souvenir d’un auteur à la fois érudit et généreux. Il s’est éteint le 22 septembre, à 87 ans."
https://www.lemonde.fr/disparitions/article/2022/09/23/hilary-mantel-la-romanciere-britannique-deux-fois-laureate-du-booker-prize-est-morte-a-70-ans_6142911_3382.html,"Fri, 23 Sep 2022 16:21:31 +0200","Hilary Mantel, romancière britannique deux fois lauréate du Booker Prize, est morte à 70 ans","L’écrivaine est connue pour sa trilogie « Le Conseiller », consacrée à la vie tumultueuse de Thomas Cromwell, un des principaux acteurs de la Réforme en Angleterre."
https://www.lemonde.fr/disparitions/article/2022/09/23/la-mort-du-dessinateur-francois-corteggiani_6142842_3382.html,"Fri, 23 Sep 2022 09:36:37 +0200",La mort du dessinateur François Corteggiani,L’auteur de bande dessinée et ancien rédacteur en chef de « Pif-Gadget » est mort le 21 septembre à l’âge de 69 ans.
https://www.lemonde.fr/disparitions/article/2022/09/22/la-mort-de-serge-tamagnot-photographe-et-artiste-de-collages_6142726_3382.html,"Thu, 22 Sep 2022 13:03:31 +0200","La mort de Serge Tamagnot, photographe et artiste de collages","Photographe de célébrités et auteur de collages surréalistes, cet autodidacte fantasque fut le grand ami de l’écrivain Marcel Jouhandeau, du poète Jean Sénac et de l’animateur Pascal Sevran. Il s’est éteint le 20 septembre, à Paris, à l’âge de 90 ans."
https://www.lemonde.fr/disparitions/article/2022/09/19/la-mort-du-philosophe-americain-saul-kripke_6142293_3382.html,"Mon, 19 Sep 2022 17:35:48 +0200",La mort du philosophe américain Saul Kripke,"Professeur de philosophie des plus grandes universités américaines sans avoir fait de thèse, il a rendu par ses ouvrages, notamment « La Logique des noms propres », sa dignité à la métaphysique. Il s’est éteint le 15 septembre à l’âge de 81 ans."
https://www.lemonde.fr/disparitions/article/2022/09/17/mort-de-bruno-bonduelle-ancien-pdg-du-geant-des-legumes-en-conserve_6142070_3382.html,"Sat, 17 Sep 2022 16:47:47 +0200","Mort de Bruno Bonduelle, ancien PDG du géant des légumes en conserve","Membre de la cinquième génération depuis la création de l’entreprise familiale, Bruno Bonduelle en a été PDG de 1985 à 1994. Il s’était aussi beaucoup investi dans la promotion de la région de Lille."
https://www.lemonde.fr/disparitions/article/2022/09/16/la-mort-de-la-danseuse-francoise-dupuy_6141977_3382.html,"Fri, 16 Sep 2022 19:31:51 +0200",La mort de la danseuse Françoise Dupuy,"Danseuse et chorégraphe, elle était une personnalité emblématique de la scène chorégraphique depuis les années 1940. Elle s’est éteinte dans la nuit du 14 au 15 septembre, à l’âge de 97 ans."
https://www.lemonde.fr/disparitions/article/2022/09/15/la-mort-de-kenneth-starr-procureur-du-monicagate-scandale-de-la-presidence-clinton_6141721_3382.html,"Thu, 15 Sep 2022 11:47:09 +0200","La mort de Kenneth Starr, procureur du « Monicagate », scandale de la présidence Clinton","L’enquête du procureur américain sur la liaison entre Bill Clinton et une stagiaire de la Maison Blanche, Monica Lewinsky, avait abouti à la procédure d’impeachment du 42ᵉ président des Etats-Unis, avant qu’il soit finalement acquitté en 1999. Kenneth Starr est mort le 13 septembre, à l’âge de 76 ans."
https://www.lemonde.fr/disparitions/article/2022/09/15/irene-papas-l-actrice-engagee-contre-les-colonels-est-morte_6141689_3382.html,"Thu, 15 Sep 2022 08:53:46 +0200","Irène Papas, l’actrice engagée contre les colonels, est morte","La comédienne grecque, qui fut l’une des plus grandes de sa génération, a joué dans plusieurs théâtres internationaux et tourné plus de soixante-dix films, subjuguant metteurs en scène et cinéastes. Elle s’est éteinte le 14 septembre à l’âge de 93 ans."
https://www.lemonde.fr/disparitions/article/2022/09/14/mort-de-l-actrice-irene-papas-star-de-zorba-le-grec_6141573_3382.html,"Wed, 14 Sep 2022 11:42:56 +0200","Mort de l’actrice Irène Papas, star de « Zorba le Grec » et « Les canons de Navarone »","Actrice grecque parmi les plus connues à l’étranger, elle a joué dans une soixantaine de films. Sa mort à l’âge de 93 ans a été annoncée mercredi."
https://www.lemonde.fr/international/article/2022/09/13/kenneth-starr-le-procureur-de-l-affaire-clinton-lewinsky-est-mort-a-l-age-de-76-ans_6141501_3210.html,"Tue, 13 Sep 2022 23:40:21 +0200","Kenneth Starr, le procureur de l’affaire Clinton-Lewinsky, est mort à l’âge de 76 ans","Le juriste, qui a brièvement défendu Donald Trump lors de son premier procès en destitution, s’est éteint dans un hôpital de Houston « à cause de complications ayant suivi une intervention chirurgicale », ont précisé ses proches dans un communiqué."
https://www.lemonde.fr/culture/article/2022/09/13/mort-de-jean-luc-godard-le-cineaste-a-eu-recours-a-l-assistance-au-suicide_6141446_3246.html,"Tue, 13 Sep 2022 16:05:14 +0200",Jean-Luc Godard est mort en ayant eu recours à l’assistance au suicide,"« M. Godard a eu recours à l’assistance légale en Suisse d’un départ volontaire suite à de multiples pathologies invalidantes selon les termes du rapport médical », a fait savoir le conseiller de la famille du réalisateur franco-suisse, qui est mort mardi."
https://www.lemonde.fr/disparitions/article/2022/09/13/jean-luc-godard-critique-de-cinema-paradoxal-et-provocateur_6141435_3382.html,"Tue, 13 Sep 2022 13:59:21 +0200","Jean-Luc Godard, critique de cinéma paradoxal et provocateur","Jean-Luc Godard, mort le 13 septembre, à l’âge de 91 ans, a commencé sa carrière dans les années 1950 comme critique, notamment pour les « Cahiers du cinéma ». Il a alors 20 ans et s’appuie sur une remarquable érudition littéraire."
https://www.lemonde.fr/culture/live/2022/09/13/mort-de-jean-luc-godard-en-direct-posez-vos-questions-a-notre-journaliste_6141393_3246.html,"Tue, 13 Sep 2022 13:56:05 +0200","Mort de Jean-Luc Godard, en direct : retrouvez les réactions et les hommages adressés au cinéaste","Le réalisateur franco-suisse s’est éteint mardi, à l’âge de 91 ans. Selon le conseiller de sa famille, il a eu recours à l’assistance au suicide, légale en Suisse."
https://www.lemonde.fr/disparitions/article/2022/09/13/l-abecedaire-de-jean-luc-godard_6141430_3382.html,"Tue, 13 Sep 2022 13:21:44 +0200",L’abécédaire de Jean-Luc Godard,"C comme cinéma, F comme France ou R comme rêve... En 1987, le réalisateur, mort le 13 septembre, à l’âge de 91 ans, avait accepté de se prêter au jeu que lui proposait alors le journaliste Olivier Péretié. Extrait."
https://www.lemonde.fr/disparitions/article/2022/09/13/la-mort-de-javier-marias-virtuose-de-la-litterature-espagnole_6141425_3382.html,"Tue, 13 Sep 2022 12:47:19 +0200","La mort de Javier Marias, virtuose de la littérature espagnole","Avec une œuvre traduite dans près de 40 langues et publiée dans une soixantaine de pays, il fut l’un des auteurs castillans les plus lus au monde, montrant qu’une littérature exigeante et subtile peut satisfaire les appétits d’un très vaste public. Il s’est éteint le 11 septembre à l’âge de 70 ans."
https://www.lemonde.fr/disparitions/article/2022/09/13/jean-luc-godard-et-la-television-un-rapport-complexe_6141422_3382.html,"Tue, 13 Sep 2022 12:31:50 +0200","Jean-Luc Godard et la télévision, un rapport complexe","Le cinéaste, mort mardi, à l’âge de 91 ans, n’avait jamais de mots assez durs envers la petite lucarne. Pourtant, il a tourné à plusieurs reprises pour la télévision et s’est construit un véritable personnage de trublion médiatique."
https://www.lemonde.fr/disparitions/article/2022/09/13/le-realisateur-alain-tanner-figure-emblematique-de-la-nouvelle-vague-en-suisse-est-mort_6141419_3382.html,"Tue, 13 Sep 2022 12:18:28 +0200","Le réalisateur Alain Tanner, figure emblématique de la Nouvelle Vague en Suisse, est mort","Son œuvre riche d’une vingtaine de longs-métrages fit exister sans la moindre complaisance son pays sur la carte du cinéma. Il s’est éteint, le 11 septembre, à l’âge de 92 ans."
https://www.lemonde.fr/cinema/article/2022/09/13/godard-a-propos-de-truffaut-ce-qui-nous-enchainait-c-etait-l-ecran-et-l-ecran-seul_6141411_3476.html,"Tue, 13 Sep 2022 11:52:55 +0200","Godard à propos de Truffaut : « Ce qui nous enchaînait, c’était l’écran et l’écran seul »","Jean-Luc Godard, mort le 13 septembre, à l’âge de 91 ans, a écrit en 1988 une courte préface à la « Correspondance » de François Truffaut, disparu quatre ans plus tôt. Ce texte témoigne de l’inclination et du talent du réalisateur pour l’écriture."
https://www.lemonde.fr/disparitions/article/2022/09/13/l-art-de-godard-inseparable-de-la-peinture_6141405_3382.html,"Tue, 13 Sep 2022 11:35:49 +0200","L’art de Godard, inséparable de la peinture","De « Pierrot le fou » au « Livre d’image », les citations et allusions picturales dans les films du cinéaste, mort le 13 septembre à l’âge de 91 ans, sont très fréquentes."
https://www.lemonde.fr/disparitions/article/2022/09/13/la-mort-du-poete-et-romancier-belge-marc-rombaut_6141397_3382.html,"Tue, 13 Sep 2022 11:18:59 +0200",La mort du poète et romancier belge Marc Rombaut,"Eclectique et curieux, le romancier, poète, critique d’opéra et journaliste de radio fit paraître de nombreux ouvrages consacrés à sa passion pour l’Italie et l’Afrique. Il s’est éteint le 29 août à l’âge de 83 ans."
https://www.lemonde.fr/cinema/article/2022/09/13/godard-existe-probablement-en-dehors-de-la-comprehension-l-hommage-de-grands-realisateurs_6141396_3476.html,"Tue, 13 Sep 2022 11:17:40 +0200","Kirill Serebrennikov : « Godard, ou le triomphe de la volonté »","Des cinéastes du monde entier racontent leur découverte du travail de Jean-Luc Godard, mort le 13 septembre, à l’âge de 91 ans, et comment cela a profondément imprimé leur réflexion artistique."
https://www.lemonde.fr/disparitions/article/2022/09/13/jean-luc-godard-le-moment-heureux-pour-le-cinema-c-est-presque-avant-qu-on-en-fasse_6141384_3382.html,"Tue, 13 Sep 2022 10:45:08 +0200","Jean-Luc Godard à travers cinq entretiens dans les archives du « Monde » : « Le moment heureux pour le cinéma, c’est presque avant qu’on en fasse »","En près de soixante ans de carrière et autant de films, le cinéaste s’est souvent exprimé dans les pages du « Monde » sur la littérature, la politique, la télévision, le sport, mais surtout sur le cinéma. Au moment de sa mort, nous proposons de relire cinq interviews publiées depuis 1960."
https://www.lemonde.fr/disparitions/video/2022/09/13/jean-luc-godard-une-vie-de-revolutions_6141380_3382.html,"Tue, 13 Sep 2022 10:44:00 +0200","Jean-Luc Godard, une vie de révolutions",Jean-Luc Godard est mort mardi 13 septembre à l’âge de 91 ans. Il a laissé derrière lui plus de 70 films mais il aura surtout influencé durablement le cinéma français.
https://www.lemonde.fr/disparitions/article/2022/09/13/le-realisateur-jean-luc-godard-est-mort_6141379_3382.html,"Tue, 13 Sep 2022 10:43:58 +0200",Le réalisateur Jean-Luc Godard est mort,"Dès les années 1960, Jean-Luc Godard a fait partie de ceux qui ont repoussé les limites esthétiques et narratives du 7e art et incarné la Nouvelle Vague. Il est mort mardi 13 septembre à l’âge de 91 ans, après avoir eu recours à l’assistance au suicide, en Suisse."
https://www.lemonde.fr/culture/article/2022/09/12/mort-de-william-klein-un-cineaste-radical_6141294_3246.html,"Mon, 12 Sep 2022 19:00:04 +0200","Mort de William Klein, un cinéaste radical","L’artiste, mort samedi, à l’âge de 96 ans, a développé dans ses films une esthétique emportant une vraie radicalité politique."
https://www.lemonde.fr/culture/article/2022/09/12/william-klein-l-outsider-de-la-photographie-est-mort_6141276_3246.html,"Mon, 12 Sep 2022 17:27:07 +0200","William Klein, l’outsider de la photographie, est mort","Le photographe avait cassé les codes de la discipline avec son livre sur New York, en 1956, marquant des générations d’artistes. D’abord formé à la peinture, passé au cinéma, cet Américain installé en France, provocateur et iconoclaste, est mort le 10 septembre, à 96 ans."
https://www.lemonde.fr/disparitions/article/2022/09/12/la-mort-de-l-ecrivain-espagnol-javier-marias_6141208_3382.html,"Mon, 12 Sep 2022 08:17:03 +0200","Mort de Javier Marias, éminent romancier madrilène","L’éminent romancier madrilène, auteur d’« Un cœur si blanc » ou de « Berta Isla », s’est éteint dans sa ville natale, dimanche 11 septembre, des suites d’une pneumonie, à l’âge de 70 ans."
https://www.lemonde.fr/disparitions/article/2022/09/11/mort-du-cineaste-suisse-alain-tanner-a-l-age-de-92-ans_6141166_3382.html,"Sun, 11 Sep 2022 18:14:58 +0200",Mort du cinéaste suisse Alain Tanner à l’âge de 92 ans,"Avec plus de vingt films à son actif, Alain Tanner est considéré comme un pionnier du mouvement cinématographique de la Nouvelle Vague dans son pays."
https://www.lemonde.fr/disparitions/article/2022/09/11/l-ecrivain-espagnol-javier-marias-est-mort_6141161_3382.html,"Sun, 11 Sep 2022 17:18:07 +0200",L’écrivain espagnol Javier Marias est mort,"Figure de proue de la littérature espagnole, l’auteur avait 70 ans. Il est mort dimanche à Madrid des suites d’une pneumonie."
https://www.lemonde.fr/le-monde-des-religions/article/2022/09/11/de-la-reine-elizabeth-ii-au-roi-charles-iii-la-foi-et-la-religion-anglicane-en-heritage_6141118_6038514.html,"Sun, 11 Sep 2022 06:09:39 +0200","De la reine Elizabeth II au roi Charles III, la foi et la religion anglicane en héritage","Dès le début de son règne, Elizabeth II a pris très à cœur son titre de défenseur de la foi et gouverneur suprême de l’Eglise d’Angleterre. La religion a toujours été très présente dans la vie de la souveraine, qui s’est aussi ouverte aux autres traditions chrétiennes."
https://www.lemonde.fr/disparitions/article/2022/09/09/la-mort-du-syndicaliste-claude-pitous_6140937_3382.html,"Fri, 09 Sep 2022 14:08:53 +0200",La mort du syndicaliste Claude Pitous,"Effectuant toute sa carrière professionnelle au PTT, ce syndicaliste connu pour son combat pour la transformation de la condition salariale avait failli être secrétaire général de FO. Il s’est éteint le 4 septembre à l’âge de 86 ans."
https://www.lemonde.fr/disparitions/video/2022/09/09/mort-d-elizabeth-ii-de-paddington-a-james-bond-la-reine-des-series-et-du-cinema_6140900_3382.html,"Fri, 09 Sep 2022 11:22:29 +0200","Mort d’Elizabeth II : de Paddington à James Bond, la reine des séries et du cinéma",La plupart des réalisateurs qui se sont intéressés à la reine ont mis l’accent sur la personne qui se cache derrière la fonction sacrée.
https://www.lemonde.fr/disparitions/video/2022/09/09/mort-de-la-reine-elizabeth-ii-retour-sur-ses-voyages-en-france_6140872_3382.html,"Fri, 09 Sep 2022 09:35:10 +0200",Mort de la reine Elizabeth II : retour sur ses voyages en France,La reine d’Angleterre parlait très bien le français. Sa première visite officielle en France remontait à 1948. Elle a ensuite rencontré neuf présidents de la République. Un record.
https://www.lemonde.fr/disparitions/article/2022/09/09/reine-de-la-decolonisation-elizabeth-ii-a-permis-a-londres-de-garder-son-influence_6140860_3382.html,"Fri, 09 Sep 2022 06:30:10 +0200","Elizabeth II : reine de la décolonisation, la monarque a permis à Londres de garder son influence","Lors de sa disparition, le 8 septembre, la monarque régnait encore sur 15 Etats, dont le Canada et l’Australie, la Jamaïque et les Bahamas. Et était à la tête du Commonwealth, qui réunit 56 pays – dont l’Inde et l’Afrique du Sud."
https://www.lemonde.fr/disparitions/article/2022/09/09/mort-d-elizabeth-ii-seuls-27-des-britanniques-sont-favorables-a-l-abolition-de-la-monarchie_6140852_3382.html,"Fri, 09 Sep 2022 06:00:13 +0200",Mort d’Elizabeth II : seuls 27 % des Britanniques sont favorables à l’abolition de la monarchie,"Le maintien d’un haut degré de popularité à l’égard d’une institution, pourtant proche des « élites » contestées, restera comme l’un des succès de la reine, morte le 8 septembre, à l’âge de 96 ans."
https://www.lemonde.fr/disparitions/article/2022/09/09/la-reine-elizabeth-ii-dans-les-arts-sept-decennies-de-respect_6140833_3382.html,"Fri, 09 Sep 2022 04:00:07 +0200",La reine Elizabeth II dans les arts : sept décennies de respect,"Photographiée et peinte des milliers de fois, jouée au cinéma et au théâtre, Elizabeth II, morte le 8 septembre à l’âge de 96 ans, a quasiment toujours été représentée de façon respectueuse, voire révérencieuse."
https://www.lemonde.fr/disparitions/article/2022/09/09/elizabeth-ii-la-reine-des-collectionneuses-d-art_6140830_3382.html,"Fri, 09 Sep 2022 02:00:10 +0200","Elizabeth II, la reine des collectionneuses d’art","Peintures, photographies, bijoux… Avec 200 000 œuvres, la couronne britannique possède le plus grand patrimoine artistique privé du monde."
https://www.lemonde.fr/disparitions/article/2022/09/09/elizabeth-ii-et-margaret-thatcher-deux-rivales-au-pouvoir_6140825_3382.html,"Fri, 09 Sep 2022 00:00:08 +0200","Elizabeth II et Margaret Thatcher, deux rivales au pouvoir","Les rapports entre la reine et sa première ministre de 1979 à 1990 ont été difficiles. A l’heure de la mort de « The Queen », le 8 septembre à 96 ans, retour sur ce que fut sa relation avec  « Maggie »."
https://www.lemonde.fr/disparitions/article/2022/09/08/elizabeth-ii-de-la-seconde-guerre-mondiale-au-brexit-a-ete-une-reine-europeenne_6140817_3382.html,"Thu, 08 Sep 2022 22:00:03 +0200","Elizabeth II, de la seconde guerre mondiale au Brexit, a été une reine européenne","La souveraine, morte le 8 septembre à 96 ans, semblait reconnaître l’existence d’un lien entre la paix et la construction européenne. Mais celle qui avait eu 19 ans en 1945 n’aura pas su faire entendre cet attachement aux Britanniques favorables à la sortie de l’Union."
https://www.lemonde.fr/disparitions/article/2022/09/08/elizabeth-ii-et-lady-diana-histoire-d-une-fracture_6140810_3382.html,"Thu, 08 Sep 2022 21:20:26 +0200",Elizabeth II et Lady Diana : histoire d’une fracture,"La mort brutale de la « princesse des cœurs », en 1997, avait déclenché une immense émotion dans le royaume. La reine, morte le 8 septembre à l’âge de 96 ans, était, de son côté, restée de glace. Au bout de six jours, elle consentit à sortir de son mutisme."
https://www.lemonde.fr/disparitions/article/2022/09/08/lilibet-second-lieutenant-windsor-matricule-230873_6140803_3382.html,"Thu, 08 Sep 2022 20:49:48 +0200","Elizabeth II : « Lilibet », second lieutenant Windsor, matricule 230873","Entre 1939 et 1945, la future reine Elizabeth II, morte le 8 septembre, a participé à l’effort de guerre en tant qu’apprentie conductrice d’ambulances et mécanicienne sous le matricule 230873."
https://www.lemonde.fr/disparitions/article/2022/09/08/la-reine-elizabeth-ii-etait-la-plus-ancienne-cheffe-d-etat-du-monde_6140789_3382.html,"Thu, 08 Sep 2022 19:46:48 +0200",La reine Elizabeth II était la plus ancienne cheffe d’Etat du monde,"Arrivée sur le trône au temps des trains à vapeur et du mariage à vie, la reine, morte le 8 septembre à l’âge de 96 ans, aura voyagé en supersonique et connu le divorce de trois de ses enfants."
https://www.lemonde.fr/disparitions/article/2022/09/08/la-reine-elizabeth-ii-est-morte-apres-soixante-dix-ans-d-un-regne-hors-du-commun_6140784_3382.html,"Thu, 08 Sep 2022 19:36:59 +0200","Elizabeth II : après soixante-dix ans d’un règne hors du commun, la souveraine laisse une empreinte durable sur la monarchie","La reine, qui avait accédé au trône en 1952 à l’âge de 25 ans, est morte le 8 septembre à 96 ans. Monarque impassible, vénérée par le peuple britannique, cheffe des armées, gouverneure suprême de l’Eglise anglicane, elle a été l’interlocutrice de quinze premiers ministres britanniques."
https://www.lemonde.fr/disparitions/article/2022/09/08/la-mort-de-louis-fabrice-latour-figure-des-vins-de-bourgogne_6140761_3382.html,"Thu, 08 Sep 2022 17:39:25 +0200","La mort de Louis-Fabrice Latour, figure des vins de Bourgogne","Depuis 1999, il présidait aux destinées de la maison de négoce beaunoise Louis Latour, fondée au XVIIIe siècle. Il s’est éteint dans la nuit du 5 au 6 septembre, à l’âge de 58 ans."
https://www.lemonde.fr/disparitions/article/2022/09/08/la-mort-de-serge-bolloch-ancien-journaliste-au-monde_6140738_3382.html,"Thu, 08 Sep 2022 15:49:36 +0200","La mort de Serge Bolloch, ancien journaliste au « Monde »","Rédacteur pendant près de trente ans au quotidien du soir, il avait suivi l’actualité de l’enseignement supérieur, le sport et l’information régionale, participant notamment à la création du « Monde Rhône-Alpes ». Il s’est éteint le 4 septembre, à l’âge de 77 ans."
https://www.lemonde.fr/disparitions/article/2022/09/08/la-mort-de-just-jaeckin-cineaste-de-l-hedonisme-des-annees-1970_6140681_3382.html,"Thu, 08 Sep 2022 09:42:23 +0200","La mort de Just Jaeckin, cinéaste de l’hédonisme des années 1970","Le réalisateur a connu la célébrité dès son premier film, « Emmanuelle », un succès réitéré avec « Histoire d’O ». Egalement photographe et sculpteur, il est mort le 6 septembre, à l’âge de 82 ans."
https://www.lemonde.fr/disparitions/article/2022/09/07/la-mort-du-pianiste-et-chef-d-orchestre-allemand-lars-vogt_6140545_3382.html,"Wed, 07 Sep 2022 11:42:21 +0200",La mort du pianiste et chef d’orchestre allemand Lars Vogt,"Directeur musical de l’Orchestre de chambre de Paris depuis 2020, le musicien, diagnostiqué en mars 2021 d’un cancer du foie inopérable, s’est éteint le 5 septembre à Erlangen, à l’âge de 51 ans"
https://www.lemonde.fr/disparitions/article/2022/09/07/just-jaeckin-le-realisateur-d-emmanuelle-est-mort-a-l-age-de-82-ans_6140518_3382.html,"Wed, 07 Sep 2022 10:03:59 +0200","Just Jaeckin, le réalisateur d’« Emmanuelle », est mort à l’âge de 82 ans","Le film, qui a connu un succès international, du Japon aux Etats-Unis, raconte les aventures sexuelles d’une jeune femme en Asie. Just Jaeckin réalisera ensuite « Histoire d’O » et, à nouveau avec Sylvia Kristel, « L’Amant de Lady Chatterley »."
https://www.lemonde.fr/culture/article/2022/09/06/regis-durand-en-quelques-dates_6140390_3246.html,"Tue, 06 Sep 2022 11:40:51 +0200",Régis Durand en quelques dates,
https://www.lemonde.fr/culture/article/2022/09/06/la-mort-de-regis-durand-defenseur-de-l-image-contemporaine_6140389_3246.html,"Tue, 06 Sep 2022 11:40:07 +0200","La mort de Régis Durand, défenseur de l’image contemporaine","Le critique d’art et commissaire d’exposition, qui fut le premier directeur du Jeu de paume, lieu consacré à la photographie, est mort le 25 août, à l’âge de 80 ans"
https://www.lemonde.fr/disparitions/article/2022/09/06/la-mort-de-kazuo-inamori-industriel-japonais-et-moine-bouddhiste_6140357_3382.html,"Tue, 06 Sep 2022 08:57:51 +0200","La mort de Kazuo Inamori, industriel japonais et moine bouddhiste","Grand patron né dans une famille modeste, philanthrope et non conformiste, il fit de Kyoto Ceramic un fleuron de l’industrie nippone, avant de voler à la rescousse de Japan Airlines. Il s’est éteint le 24 août 2002, à l’âge de 90 ans."
https://www.lemonde.fr/disparitions/article/2022/08/31/mort-de-mikhail-gorbatchev-macron-salue-un-homme-de-paix-poutine-en-reste-a-de-profondes-condoleances_6139567_3382.html,"Wed, 31 Aug 2022 01:45:13 +0200","Mort de Mikhaïl Gorbatchev : Emmanuel Macron salue un « homme de paix », Vladimir Poutine « un homme d’Etat qui a eu une grande influence sur l’évolution de l’histoire du monde »","Les premières réactions internationales à la disparition du père de la perestroïka saluent « l’engagement », le « courage » et le « rôle crucial » d’un homme qui a contribué à mettre fin à la guerre froide."
https://www.lemonde.fr/disparitions/article/2022/08/30/mikhail-gorbatchev-le-dernier-dirigeant-de-l-urss-est-mort_6139559_3382.html,"Tue, 30 Aug 2022 22:47:54 +0200","Mikhaïl Gorbatchev, le dernier dirigeant de l’URSS, est mort","Artisan du rapprochement Est-Ouest, le père de la perestroïka s’est éteint à l’âge de 91 ans. Perçu en Russie comme le responsable du chaos qui a suivi la chute de l’Union soviétique, il avait quitté la vie politique en 1991."
https://www.lemonde.fr/disparitions/article/2022/08/30/camilo-guevara-march-fils-de-che-guevara-est-mort_6139550_3382.html,"Tue, 30 Aug 2022 19:45:35 +0200","Camilo Guevara March, fils d’Ernesto « Che » Guevara, est mort","Diplômé en droit du travail, l’ancien directeur du Centre d’études Che-Guevara à La Havane, une institution dédiée à la mémoire de l’œuvre et de la pensée du Che, est mort à l’âge de 60 ans."
https://www.lemonde.fr/disparitions/article/2022/08/30/la-mort-de-tim-page-le-photographe-risque-tout-du-vietnam_6139473_3382.html,"Tue, 30 Aug 2022 06:27:36 +0200","La mort de Tim Page, le photographe risque-tout du Vietnam","Le Britannique, figure marquante et décalée du conflit, qui a inspiré un personnage du film « Apocalypse Now » de Francis Ford Coppola, est mort le 24 août, à 78 ans."
https://www.lemonde.fr/disparitions/article/2022/08/28/le-francais-roland-mesnier-ancien-chef-patissier-de-la-maison-blanche-est-mort_6139296_3382.html,"Sun, 28 Aug 2022 17:11:50 +0200","Le Français Roland Mesnier, ancien chef pâtissier de la Maison Blanche, est mort","Roland Mesnier avait été engagé par Rosalynn Carter en 1979 et avait quitté la Maison Blanche en 2004, au terme de vingt-cinq années de service. Il est mort vendredi, à l’âge de 78 ans."
https://www.lemonde.fr/disparitions/article/2022/08/25/la-mort-de-la-sociologue-margaret-maruani_6139026_3382.html,"Thu, 25 Aug 2022 18:01:18 +0200",La mort de la sociologue Margaret Maruani,"Connue pour ses travaux rigoureux, exigeants et engagés sur la place des femmes dans le marché du travail, elle anima groupements de recherche, revues et colloques, toujours soucieuse d’épingler différences et discriminations. Elle s’est éteinte à l’âge de 68 ans."
https://www.lemonde.fr/disparitions/article/2022/08/23/la-mort-du-clarinettiste-et-compositeur-allemand-rolf-kuhn_6138779_3382.html,"Tue, 23 Aug 2022 16:15:16 +0200","Rolf Kühn, clarinettiste et compositeur allemand, est mort","Au terme d’une longue carrière entre l’Allemagne et les Etats-Unis, il laisse derrière lui une discographie plus qu’imposante. Il s’est éteint à l’âge de 92 ans."
https://www.lemonde.fr/societe/article/2022/08/23/figure-de-la-lutte-contre-le-harcelement-scolaire-jonathan-destin-est-mort-a-27-ans_6138749_3224.html,"Tue, 23 Aug 2022 10:41:57 +0200","Jonathan Destin, figure de la lutte contre le harcèlement scolaire, est mort à 27 ans","En 2011, après des années de harcèlement et alors qu’il n’avait que 16 ans, Jonathan Destin avait tenté de s’immoler par le feu avant de se jeter dans la Deûle."
https://www.lemonde.fr/disparitions/article/2022/08/22/francois-chazel-sociologue-influent-mais-meconnu-est-mort_6138689_3382.html,"Mon, 22 Aug 2022 16:04:32 +0200","François Chazel, sociologue influent, est mort","Les travaux de l’universitaire sur la sociologie politique, le pouvoir, la mobilisation politique et les sociologues « classiques » étaient internationalement reconnus. Il est mort le 14 août à l’âge de 84 ans."
https://www.lemonde.fr/disparitions/article/2022/08/20/la-mort-d-anshu-jain-ancien-copresident-de-la-deutsche-bank_6138532_3382.html,"Sat, 20 Aug 2022 07:14:18 +0200","La mort d’Anshu Jain, ancien coprésident de la Deutsche Bank","Né en Inde, le banquier fut le premier non germanophone à avoir dirigé la première banque privée allemande. Il est mort à l’âge de 59 ans."
https://www.lemonde.fr/disparitions/article/2022/08/19/la-mort-du-sociologue-jean-baechler_6138471_3382.html,"Fri, 19 Aug 2022 16:45:59 +0200",La mort du sociologue Jean Baechler,"Historien devenu sociologue, puis philosophe, travaillant notamment sur le règne humain et sur le rapport de l’humain à l’absolu, il fut membre de l’Académie des sciences morales et politiques. Il s’est éteint à l’âge de 85 ans."
https://www.lemonde.fr/disparitions/article/2022/08/18/mort-de-l-ecrivain-joseph-delaney-auteur-de-la-saga-a-succes-l-epouvanteur_6138372_3382.html,"Thu, 18 Aug 2022 15:37:29 +0200","Mort de l’écrivain Joseph Delaney, auteur de la saga à succès « L’Epouvanteur »","Ses livres, traduits dans une trentaine de langues, se sont vendus à plus de 4,5 millions d’exemplaires à travers le monde. Il avait 77 ans."
https://www.lemonde.fr/disparitions/article/2022/08/18/la-styliste-japonaise-hanae-mori-est-morte-a-l-age-de-96-ans_6138317_3382.html,"Thu, 18 Aug 2022 02:43:59 +0200","La styliste japonaise Hanae Mori est morte, à l’âge de 96 ans","Surnommée « Madame Butterfly », elle fut la première créatrice asiatique à intégrer la haute couture parisienne. Elle a habillé des personnalités du monde entier, de Grace Kelly à Hillary Clinton."
https://www.lemonde.fr/disparitions/article/2022/08/17/la-mort-de-wolfgang-petersen-realisateur-allemand-devenu-valeur-sure-d-hollywood_6138282_3382.html,"Wed, 17 Aug 2022 16:16:59 +0200","La mort de Wolfgang Petersen, réalisateur allemand devenu valeur sûre d’Hollywood","Après les succès de « Das Boot » et de « L’Histoire sans fin », il a rejoint les Etats-Unis, où il a réalisé thrillers, films catastrophe et péplums, s’assurant toujours de la participation d’une vedette masculine de premier plan. Il s’est éteint à l’âge de 81 ans."
https://www.lemonde.fr/disparitions/article/2022/08/17/le-sculpteur-antoine-poncet-est-mort_6138281_3382.html,"Wed, 17 Aug 2022 16:13:49 +0200",Le sculpteur Antoine Poncet est mort,"Formé auprès de Jean Arp, qui l’orienta vers l’abstraction, l’artiste travailla, vers la fin de sa vie, à des œuvres monumentales. Il s’est éteint, le 13 août, à l’âge de 94 ans."
https://www.lemonde.fr/disparitions/article/2022/08/17/mort-de-wolfgang-petersen-realisateur-de-l-histoire-sans-fin-et-de-air-force-one_6138208_3382.html,"Wed, 17 Aug 2022 04:34:46 +0200","Wolfgang Petersen, réalisateur de « L’Histoire sans fin » et d’« Air Force One », est mort","Après avoir percé à Hollywood grâce à son film « Le Bateau », le réalisateur allemand a dirigé des stars telles que Clint Eastwood, George Clooney, Harrison Ford, Glenn Close ou Brad Pitt. Il est mort le 12 août, à l’âge de 81 ans."
https://www.lemonde.fr/disparitions/article/2022/08/16/la-mort-de-dewe-gorodey-la-poetesse-kanak-qui-a-defie-le-pouvoir-colonial-jusqu-en-prison_6138188_3382.html,"Tue, 16 Aug 2022 17:27:28 +0200","La mort de Déwé Gorodey, « la poétesse kanak qui a défié le pouvoir colonial jusqu’en prison »","Première romancière kanak et pionnière de la lutte pour l’indépendance de la Nouvelle-Calédonie, l’ex-membre du gouvernement du territoire de 1999 à 2019 est morte à l’âge de 73 ans."
https://www.lemonde.fr/disparitions/article/2022/08/15/nicholas-evans-auteur-de-l-homme-qui-murmurait-a-l-oreille-des-chevaux-est-mort_6138100_3382.html,"Mon, 15 Aug 2022 15:49:35 +0200","Nicholas Evans, auteur de « L’Homme qui murmurait à l’oreille des chevaux », est mort","L’écrivain britannique est mort à 72 ans. Son premier roman, publié en 1995 et adapté au cinéma par Robert Redford, a été vendu à quinze millions d’exemplaires dans le monde."
https://www.lemonde.fr/disparitions/article/2022/08/15/mort-de-dewe-gorodey-figure-de-la-litterature-et-de-l-independantisme-de-nouvelle-caledonie_6138049_3382.html,"Mon, 15 Aug 2022 03:47:00 +0200","Mort de Déwé Gorodey, figure de la littérature kanak et de l’indépendantisme en Nouvelle-Calédonie",Le monde culturel et politique de l’archipel a rendu un hommage unanime à cette militante morte dimanche à l’âge de 73 ans.
https://www.lemonde.fr/international/article/2022/08/14/zvika-pick-le-roi-de-la-pop-israelienne-est-mort_6138028_3210.html,"Sun, 14 Aug 2022 15:43:14 +0200","Zvika Pick, le « roi » de la pop israélienne, est mort","Le chanteur de 72 ans, salué comme « un des plus grands artistes d’Israël », a été retrouvé mort, dimanche, à son domicile de Ramat Hasharon."
https://www.lemonde.fr/economie/article/2022/08/14/le-milliardaire-rakesh-jhunjhunwala-surnomme-le-warren-buffet-de-l-inde-est-mort_6138013_3234.html,"Sun, 14 Aug 2022 09:41:59 +0200","Le milliardaire Rakesh Jhunjhunwala, surnommé « le Warren Buffet de l’Inde », est mort","Le « Big Bull de Dalal Street » avait une fortune estimée à 3,5 milliards de dollars."
https://www.lemonde.fr/culture/article/2022/08/13/l-actrice-americaine-anne-heche-declaree-morte-une-semaine-apres-un-accident-de-voiture_6137910_3246.html,"Sat, 13 Aug 2022 01:28:46 +0200","L’actrice américaine Anne Heche déclarée morte, une semaine après un accident de voiture","Ayant perdu toutes ses fonctions cérébrales, la protagoniste de « Six jours, sept nuits » est « légalement décédée selon la loi californienne », mais son cœur bat toujours afin de faciliter le don d’organe, a expliqué sa porte-parole."
https://www.lemonde.fr/disparitions/article/2022/08/11/le-dessinateur-jean-jacques-sempe-est-mort_6137814_3382.html,"Thu, 11 Aug 2022 22:16:58 +0200",Le dessinateur Jean-Jacques Sempé est mort,"Un trait mondialement connu qui saisit le moment, le geste, l’attitude, la situation : le dessinateur a raconté son époque au rythme d’un album par an, de « unes » du magazine américain « The New Yorker », de quotidiens français, ou à travers le Petit Nicolas, personnage créé avec Goscinny en 1955. Il est mort le 11 août, à l’âge de 89 ans."
https://www.lemonde.fr/disparitions/article/2022/08/10/mort-de-la-chanteuse-et-actrice-olivia-newton-john-inoubliable-interprete-de-grease_6137686_3382.html,"Wed, 10 Aug 2022 12:10:39 +0200","Mort de la chanteuse et actrice Olivia Newton-John, inoubliable interprète de « Grease »","Derrière son image de jeune fille rangée, l’interprète australo-britannique, morte à l’âge de 73 ans en Californie, était une ambassadrice de l’hédonisme."
https://www.lemonde.fr/disparitions/article/2022/08/10/la-mort-de-david-mccullough-populaire-biographe-des-presidents-americains_6137654_3382.html,"Wed, 10 Aug 2022 08:47:28 +0200","La mort de David McCullough, populaire biographe des présidents américains","Connu pour ses livres sur les présidents Harry Truman et John Adams, l’historien américain fut l’un des plus lus des dernières décennies. Il s’est éteint à l’âge de 89 ans."
https://www.lemonde.fr/disparitions/article/2022/08/09/la-disparition-du-styliste-japonais-issey-miyake-l-inventeur-des-pleats-please_6137596_3382.html,"Tue, 09 Aug 2022 15:56:07 +0200","La disparition du styliste japonais Issey Miyake, l’inventeur des Pleats Please","Inventeur d’un style caractérisé par les couleurs vives et les tissus plissés, le créateur nippon a marqué l’histoire de la mode de la seconde partie du XXᵉ siècle. Il est mort à l’âge de 84 ans."
https://www.lemonde.fr/m-mode/article/2022/08/09/issey-miyake-createur-de-mode-japonais-est-mort-a-84-ans_6137568_4497335.html,"Tue, 09 Aug 2022 11:07:34 +0200","Issey Miyake, créateur de mode japonais, est mort à 84 ans","Le styliste, né à Hiroshima et dont la carrière s’est étendue sur plus d’un demi-siècle, s’est imposé dans l’univers de la mode en utilisant des matériaux jamais vus jusqu’alors."
https://www.lemonde.fr/culture/article/2022/08/08/l-actrice-olivia-newton-john-star-de-grease-est-decedee-a-73-ans_6137531_3246.html,"Mon, 08 Aug 2022 22:08:16 +0200","L’actrice Olivia Newton-John, star de « Grease », est morte à 73 ans",La comédienne et chanteuse anglo-australienne luttait depuis trente ans contre un cancer du sein.
https://www.lemonde.fr/disparitions/article/2022/08/07/le-chanteur-daniel-levi-interprete-de-l-envie-d-aimer-et-ce-reve-bleu-est-mort_6137389_3382.html,"Sun, 07 Aug 2022 00:01:38 +0200","Le chanteur Daniel Lévi, interprète de « L’Envie d’aimer » et « Ce rêve bleu », est mort","Connu pour son rôle de Moïse dans « Les Dix Commandements », il était atteint d’un cancer du côlon depuis 2019. Il a succombé à la maladie à l’âge de 60 ans."
https://www.lemonde.fr/disparitions/article/2022/08/06/emmanuel-faux-voix-d-europe-1-pendant-trente-ans-est-mort_6137377_3382.html,"Sat, 06 Aug 2022 18:27:49 +0200","Emmanuel Faux, voix d’Europe 1 pendant trente ans, est mort","Le journaliste avait rejoint la radio en 1987 en tant que correspondant à Moscou, puis à Jérusalem. Il avait ensuite présenté les journaux sur la plupart des tranches d’information."
https://www.lemonde.fr/disparitions/article/2022/08/05/christian-barbier-journaliste-et-grande-voix-d-europe-1-est-mort_6137289_3382.html,"Fri, 05 Aug 2022 16:37:54 +0200","Christian Barbier, journaliste et grande voix d’Europe 1, est mort","Christian Espitalier de son vrai nom, Christian Barbier a notamment présenté l’émission « Barbier de nuit ». Il est mort jeudi à 82 ans."
https://www.lemonde.fr/disparitions/article/2022/08/04/la-mort-de-lucien-kroll-architecte-ecologiste-et-libertaire_6137184_3382.html,"Thu, 04 Aug 2022 16:50:49 +0200","La mort de Lucien Kroll, architecte écologiste et libertaire","Connu pour ses réalisations qui étaient à l’antithèse du fonctionnalisme, il développait une démarche participative et ancrée dans la réalité sociale. Il s’est éteint le 2 août, à l’âge de 95 ans."
https://www.lemonde.fr/disparitions/article/2022/08/04/la-mort-d-yvonne-baby-grande-dame-du-monde-et-de-la-culture_6137145_3382.html,"Thu, 04 Aug 2022 11:59:40 +0200","La mort d’Yvonne Baby, grande dame du « Monde » et de la culture","Prix Interallié pour son premier roman, en 1967, elle avait créé le service Culture du quotidien, en 1971, devenant la première femme à diriger un service du journal."
https://www.lemonde.fr/disparitions/article/2022/08/02/ayman-al-zawahiri-une-vie-entiere-devouee-au-djihad_6136904_3382.html,"Tue, 02 Aug 2022 06:55:27 +0200","Ayman Al-Zawahiri, une vie entière vouée au djihad","Le chef d’Al-Qaida, tué dans une frappe de drone américain, annoncée, lundi, par Joe Biden, était sorti de l’ombre après les attentats du 11-Septembre. Des Frères musulmans à « la base », son parcours épouse toutes les mutations du djihadisme contemporain."
https://www.lemonde.fr/sport/article/2022/08/01/mort-du-basketteur-bill-russell-genie-des-parquets-et-defenseur-des-droits-civiques_6136873_3242.html,"Mon, 01 Aug 2022 20:25:51 +0200","Mort du basketteur Bill Russell, « génie » des parquets et défenseur des droits civiques","Vainqueur de onze titres NBA, le pivot des Celtics, devenu premier entraîneur noir du championnat de basket-ball américain, fut de tous les combats pour les droits civiques. Il est mort le 31 juillet, à l’âge de 88 ans."
https://www.lemonde.fr/culture/article/2022/08/01/la-mort-de-l-ecrivain-et-producteur-de-television-christophe-izard_6136867_3246.html,"Mon, 01 Aug 2022 19:20:08 +0200","La mort de Christophe Izard, père de Casimir et de « L’Ile aux enfants »","L’écrivain et producteur spécialisé dans les programmes jeunesse s’est éteint, le 31 juillet, à l’âge de 85 ans."
https://www.lemonde.fr/pixels/article/2022/08/01/eric-viennot-createur-des-aventures-de-l-oncle-ernest-et-de-in-memoriam-est-mort_6136847_4408996.html,"Mon, 01 Aug 2022 15:32:02 +0200","Eric Viennot, créateur des jeux vidéo « Les Aventures de l’oncle Ernest » et « In Memoriam », est mort","Il était l’un des créateurs français les plus originaux et les plus respectés de l’industrie du jeu vidéo. Il est mort le 27 juillet, à l’âge de 62 ans."
https://www.lemonde.fr/disparitions/article/2022/08/01/l-actrice-nichelle-nichols-star-de-la-serie-star-trek-est-morte-a-89-ans_6136779_3382.html,"Mon, 01 Aug 2022 00:39:07 +0200","L’actrice Nichelle Nichols, star de la série « Star Trek », est morte","Figure des droits civiques, elle avait marqué l’histoire avec le premier baiser entre une personne blanche et une personne de couleur à la télévision américaine."
https://www.lemonde.fr/sport/article/2022/07/31/bill-russell-legende-americaine-du-basket-est-mort-a-l-age-de-88-ans_6136772_3242.html,"Sun, 31 Jul 2022 20:35:06 +0200","Bill Russell, légende américaine du basket, est mort à l’âge de 88 ans","Le premier joueur noir à atteindre le statut de superstar en NBA comptait à son palmarès, outre ses onze titres de champion de la ligue nationale, une médaille d’or olympique remportée en 1956."
https://www.lemonde.fr/culture/article/2022/07/31/christophe-izard-createur-de-l-emission-l-ile-aux-enfants-et-du-dessin-anime-albert-le-cinquieme-mousquetaire-est-mort_6136770_3246.html,"Sun, 31 Jul 2022 20:22:33 +0200","Christophe Izard, créateur de l’émission « L’Ile aux enfants » et du dessin animé « Albert le cinquième mousquetaire », est mort","Il avait non seulement écrit les premiers épisodes du programme télévisé culte, mais aussi signé les textes des chansons, dont le célèbre « Voici venu le temps, des rires et des chants… »."
https://www.lemonde.fr/disparitions/article/2022/07/31/mort-de-fidel-ramos-ancien-president-des-philippines_6136764_3382.html,"Sun, 31 Jul 2022 18:38:38 +0200","Mort de Fidel Ramos, ancien président des Philippines","Général formé aux Etats-Unis, il a contribué à la chute du dictateur Ferdinand Marcos et à l’élection de Cory Aquino, à laquelle il succédera à la tête des Philippines en 1992. Il est mort le 31 juillet, à l’âge de 94 ans."
https://www.lemonde.fr/international/article/2022/07/31/l-ancien-president-des-philippines-fidel-ramos-est-mort-a-94-ans_6136750_3210.html,"Sun, 31 Jul 2022 14:07:15 +0200",L’ancien président des Philippines Fidel Ramos est mort à 94 ans,"Ce militaire de carrière a dirigé le pays de 1992 à 1998 pendant une rare période de croissance et de paix. Fidel Ramos avait joué un rôle dans la dictature de Ferdinand Marcos, avant de diriger l’armée et la police lors de la révolution pacifique et démocratique qui l’a renversé."
https://www.lemonde.fr/disparitions/article/2022/07/30/la-mort-du-cycliste-jean-bobet-l-homme-au-masque-de-frere_6136681_3382.html,"Sat, 30 Jul 2022 12:38:46 +0200","La mort du cycliste Jean Bobet, « l’homme au masque de frère »","Coureur puis journaliste-écrivain, Jean Bobet est indissociable de son frère aîné, Louison, le premier à gagner trois fois de suite le Tour de France, entre 1953 et 1955."
https://www.lemonde.fr/disparitions/article/2022/07/30/la-mort-de-l-ecrivain-et-critique-pietro-citati_6136670_3382.html,"Sat, 30 Jul 2022 10:54:14 +0200",La mort de l’écrivain et critique Pietro Citati,"Biographe polyvalent capable de couvrir les époques, les genres, les auteurs les plus divers, il fut un critique littéraire productif, exigeant et redouté. L’écrivain italien s’est éteint, le 28 juillet, à l’âge de 92 ans."
https://www.lemonde.fr/disparitions/article/2022/07/28/la-mort-du-poete-et-artiste-jean-luc-parant_6136495_3382.html,"Thu, 28 Jul 2022 17:49:12 +0200",La mort du poète et artiste Jean-Luc Parant,"Son œuvre, dans ses deux dimensions plastique et poétique, fut l’une des plus singulières des dernières décennies. Il est mort le 25 juillet, à l’âge de 78 ans."
https://www.lemonde.fr/disparitions/article/2022/07/27/la-romanciere-anne-marie-garat-est-morte_6136376_3382.html,"Wed, 27 Jul 2022 19:51:24 +0200",La romancière Anne-Marie Garat est morte,"La femme de lettres, d’images et de combat hantée par les fantômes de son histoire et celle de son siècle est morte le 26 juillet à Paris."
https://www.lemonde.fr/disparitions/article/2022/07/27/la-mort-d-irina-ionesco-photographe-controversee_6136372_3382.html,"Wed, 27 Jul 2022 19:00:25 +0200","La mort d’Irina Ionesco, photographe controversée","Connue pour ses photographies baroques dans les années 1970, elle avait fait poser sa fille pendant des années dans des images à caractère sexuel. Elle est morte lundi 25 juillet à l’âge de 91 ans."
https://www.lemonde.fr/disparitions/article/2022/07/27/frederic-seve-syndicaliste-et-enseignant-est-mort_6136353_3382.html,"Wed, 27 Jul 2022 16:20:53 +0200","Emoi après la mort du syndicaliste Frédéric Sève, salué comme un « militant remarquable » et un « partenaire exigeant »","Ce professeur de sciences économiques et sociales avait finalement choisi de s’investir pleinement sur le terrain de l’action syndicale, devenant le « M. Retraites » de la CFDT. Il est mort, le 25 juillet, à l’âge de 55 ans."
https://www.lemonde.fr/disparitions/article/2022/07/27/la-mort-de-lord-david-trimble-architecte-de-l-accord-de-paix-du-vendredi-saint-en-irlande-du-nord_6136352_3382.html,"Wed, 27 Jul 2022 16:18:50 +0200","La mort de Lord David Trimble, architecte de l’accord de paix du Vendredi saint en Irlande du Nord","Premier ministre de la province d’Irlande du Nord entre 1998 et 2002 et Prix Nobel de la paix 1998, il est décédé le 25 juillet, à l’âge de 77 ans."
https://www.lemonde.fr/disparitions/article/2022/07/27/mort-du-britannique-david-warner-comedien-de-titanic-et-de-la-malediction_6136326_3382.html,"Wed, 27 Jul 2022 12:20:17 +0200","Mort du Britannique David Warner, comédien de « Titanic » et de « La Malédiction »","Pour le cinéma et la télévision, l’acteur aura incarné une multitude de personnages, simples ou pervers, naïfs ou sophistiqués, monstrueux ou ordinaires. Il est mort le 24 juillet, à Londres, à l’âge de 80 ans."
https://www.lemonde.fr/disparitions/article/2022/07/26/la-mort-de-philippe-cohen-danseur-et-denicheur-de-talents_6136236_3382.html,"Tue, 26 Jul 2022 18:06:45 +0200","La mort de Philippe Cohen, danseur et dénicheur de talents","Emporté par un cancer à 69 ans, il avait encouragé de nombreux chorégraphes au Conservatoire de Lyon et au Grand Théâtre de Genève."
https://www.lemonde.fr/economie/article/2022/07/26/frederic-seve-numero-trois-de-la-cfdt-est-mort_6136230_3234.html,"Tue, 26 Jul 2022 17:53:00 +0200","Frédéric Sève, numéro trois de la CFDT, est mort","« Responsable du dossier des retraites, il n’a cessé ces dernières années de lutter avec conviction et persévérance pour rendre le système plus juste », lui a rendu hommage la confédération syndicale dans un communiqué."
https://www.lemonde.fr/disparitions/article/2022/07/26/l-acteur-paul-sorvino-acteur-des-affranchis-est-mort_6136220_3382.html,"Tue, 26 Jul 2022 16:48:51 +0200","L’acteur Paul Sorvino, apparu dans les « Affranchis », est mort","Jusqu’à ce que Martin Scorsese lui confie de rôle de Paul Cicero dans « Les Affranchis », il était apparu des dizaines de fois à l’écran, parfois sous la direction de réalisateurs prestigieux. L’acteur américain s’est éteint, le 25 juillet, à l’âge de 83 ans."
