,id,published,title,summary
0,https://www.lemonde.fr/disparitions/article/2022/11/26/irene-cara-la-chanteuse-de-what-a-feeling-et-fame-est-morte_6151763_3382.html,"Sat, 26 Nov 2022 13:27:23 +0100","Irene Cara, la chanteuse de « What a Feeling » et « Fame », est morte",Elle avait remporté l’Oscar de la meilleure chanson originale en 1984 pour le film « Flashdance ».
1,https://www.lemonde.fr/livres/article/2022/11/25/christian-bobin-ecrivain-connu-pour-ses-textes-courts-en-prose-est-mort-a-l-age-de-71-ans_6151610_3260.html,"Fri, 25 Nov 2022 14:07:36 +0100","Christian Bobin, écrivain connu pour ses textes courts en prose, est mort à l’âge de 71 ans","Cet automne, il avait publié un roman aux éditions Gallimard, « Le Muguet rouge », et une anthologie d’« œuvres choisies » dans la collection Quarto, « Les Différentes Régions du ciel »."
2,https://www.lemonde.fr/disparitions/article/2022/11/25/hans-magnus-enzensberger-poete-et-auteur-allemand-est-mort_6151596_3382.html,"Fri, 25 Nov 2022 12:32:46 +0100","Hans Magnus Enzensberger, poète et auteur allemand, est mort","Ecrivain, traducteur, journaliste, ce touche-à-tout d’une intelligence pétillante mâtinée d’ironie est mort à Munich, à l’âge de 93 ans.  Cela fait soixante ans que son œuvre fait de lui l’un des grands acteurs de la scène politique et littéraire d’outre-Rhin."
3,https://www.lemonde.fr/disparitions/article/2022/11/23/le-guitariste-et-chanteur-anglais-wilko-johnson-est-mort_6151295_3382.html,"Wed, 23 Nov 2022 17:31:12 +0100",Le guitariste et chanteur anglais Wilko Johnson est mort,"Ancien du groupe Dr. Feelgood, le musicien britannique au jeu inspiré du premier âge du rock et du blues électrique est mort le 21 novembre, à l’âge de 75 ans."
4,https://www.lemonde.fr/disparitions/article/2022/11/23/roberto-maroni-figure-historique-de-la-ligue-du-nord-et-ancien-ministre-de-l-interieur-italien-est-mort_6151292_3382.html,"Wed, 23 Nov 2022 17:00:35 +0100","Roberto Maroni, figure historique de la Ligue du Nord et ancien ministre de l’intérieur italien, est mort","Fondateur, avec Umberto Bossi, de la Ligue du Nord, ce personnage politique passé à la droite de la droite italienne fut trois fois ministre, avant d’occuper la présidence de la Lombardie. II s’est éteint, le 22 novembre, à l’âge de 67 ans."
5,https://www.lemonde.fr/disparitions/article/2022/11/22/la-mort-de-pablo-milanes-l-une-des-voix-de-la-nueva-trova-cubaine_6151106_3382.html,"Tue, 22 Nov 2022 17:49:08 +0100","La mort de Pablo Milanés, l’une des voix de la « nueva trova » cubaine","Chanteur emblématique de ce genre musical contestataire, romantique et dansant, marqué par le social et la politique, il s’est éteint le 22 novembre, à l’âge de 79 ans."
6,https://www.lemonde.fr/disparitions/article/2022/11/22/argentine-hebe-de-bonafini-emblematique-et-polemique-figure-des-droits-humains-est-morte_6151065_3382.html,"Tue, 22 Nov 2022 12:11:32 +0100","Argentine : Hebe de Bonafini, emblématique et polémique figure des droits humains, est morte","La présidente des Mères de la place de Mai, organisation réclamant la vérité sur les crimes de la dictature militaire, est morte à l’âge de 93 ans, dimanche 20 novembre."
7,https://www.lemonde.fr/disparitions/article/2022/11/22/mort-du-chanteur-cubain-pablo-milanes_6151009_3382.html,"Tue, 22 Nov 2022 06:43:47 +0100","Pablo Milanés, figure emblématique de la musique cubaine, est mort","Le chanteur était l’un des représentants de la « nueva trova », ce genre musical fondé sur des textes poétiques et engagés surgi dans la foulée de la révolution cubaine de 1959. Il est mort à Madrid à l’âge de 79 ans."
8,https://www.lemonde.fr/disparitions/article/2022/11/21/le-compositeur-et-ecrivain-ned-rorem-est-mort_6150938_3382.html,"Mon, 21 Nov 2022 17:24:24 +0100",Le compositeur et écrivain Ned Rorem est mort,"Figure musicale et intellectuelle très réputée aux Etats-Unis, l’artiste est mort à l’âge de 99 ans à son domicile new-yorkais, le 18 novembre."
9,https://www.lemonde.fr/international/article/2022/11/20/mort-de-hebe-de-bonafini-porte-drapeau-des-meres-de-la-place-de-mai-qui-ont-defie-la-dictature-en-argentine_6150812_3210.html,"Sun, 20 Nov 2022 22:49:14 +0100","Mort d’Hebe de Bonafini, porte-drapeau des Mères de la place de Mai, qui ont défié la dictature en Argentine","La militante des droits humains, dont les deux fils ont disparu pendant la dictature, était devenue une figure controversée, notamment pour son soutien inébranlable aux époux Kirchner. En 2017, elle avait été mise en examen dans le cadre d’une enquête pour détournement de fonds."
10,https://www.lemonde.fr/disparitions/article/2022/11/20/la-mort-de-charles-melman-grand-maitre-de-la-psychanalyse_6150804_3382.html,"Sun, 20 Nov 2022 19:50:25 +0100","La mort de Charles Melman, grand maître de la psychanalyse","Proche de Jacques Lacan, il fut responsable des enseignements au sein de son Ecole freudienne de Paris. Il s’est éteint le 20 octobre à l’âge de 91 ans."
11,https://www.lemonde.fr/disparitions/article/2022/11/20/mort-de-pascal-josephe-directeur-des-antennes-de-plusieurs-chaines-de-television_6150765_3382.html,"Sun, 20 Nov 2022 14:22:35 +0100","Pascal Josèphe, grande figure de l’audiovisuel français, est mort","Successivement directeur des antennes de plusieurs chaînes privées et publiques (TF1, La Cinq, France 2 et France 3) et fondateur du cabinet de conseil IMCA, Pascal Josèphe avait été pressenti en 2015 pour diriger France Télévisions."
12,https://www.lemonde.fr/disparitions/article/2022/11/20/le-cineaste-jean-marie-straub-est-mort_6150761_3382.html,"Sun, 20 Nov 2022 13:43:39 +0100",Le cinéaste Jean-Marie Straub est mort,"L’auteur, avec sa compagne, Danièle Huillet, disparue en 2006, d’une œuvre exigeante et intensément poétique a écrit l’une des pages les plus importantes de la modernité cinématographique. Il est mort dans la nuit du 19 au 20 novembre, à l’âge de 89 ans."
13,https://www.lemonde.fr/disparitions/article/2022/11/17/la-mort-de-pierre-de-lagarde-createur-des-chefs-d-uvre-en-peril_6150323_3382.html,"Thu, 17 Nov 2022 15:00:13 +0100","La mort de Pierre de Lagarde, créateur des « Chefs-d’œuvre en péril »","Erudit, historien, philosophe, poète à ses heures, il avait révolutionné le regard des Français sur le patrimoine. Il est mort à Paris le 15 novembre, à l’âge de 90 ans."
14,https://www.lemonde.fr/disparitions/article/2022/11/14/disparition-de-la-sculptrice-lee-bontecou_6149820_3382.html,"Mon, 14 Nov 2022 16:11:49 +0100",Disparition de la sculptrice Lee Bontecou,"L’artiste nord-américaine fut l’une des plus originales des plasticiens apparus au début de la décennie 1960 aux Etats-Unis. Elle est décédée le 8 novembre, à 91 ans."
15,https://www.lemonde.fr/disparitions/article/2022/11/13/mort-de-bao-tong-ancien-dirigeant-du-pcc-devenu-dissident_6149668_3382.html,"Sun, 13 Nov 2022 12:51:32 +0100","Mort de Bao Tong, ancien dirigeant du PCC devenu dissident","Secrétaire politique du premier ministre Zhao Ziyang à partir de 1980, ce conseiller réputé libéral affirmait que le mouvement des étudiants d’avril 1989 n’était pas opposé au Parti, ce qui lui valut d’être arrêté. Il s’est éteint le 9 novembre à l’âge de 90 ans."
16,https://www.lemonde.fr/disparitions/article/2022/11/13/keith-levene-guitariste-de-public-image-limited-et-cofondateur-de-the-clash-est-mort_6149664_3382.html,"Sun, 13 Nov 2022 12:04:55 +0100","Keith Levene, guitariste de Public Image Limited et cofondateur de The Clash, est mort","Le musicien, qui fut membre de deux groupes mythiques du punk rock et du post-punk britannique, s’est éteint à l’âge de 65 ans."
17,https://www.lemonde.fr/disparitions/article/2022/11/12/mehran-karimi-nasseri-le-refugie-de-roissy-qui-a-inspire-le-terminal-de-steven-spielberg-est-mort-dans-l-aeroport_6149597_3382.html,"Sat, 12 Nov 2022 16:11:16 +0100","Mehran Karimi Nasseri, le réfugié de Roissy qui a inspiré « Le Terminal » de Steven Spielberg, est mort dans l’aéroport","Connu sous le nom de « Sir Alfred », le réfugié politique iranien avait élu domicile à Roissy, au nord de Paris, en novembre 1988, après un long périple à la recherche de sa mère."
18,https://www.lemonde.fr/disparitions/article/2022/11/11/l-acteur-kevin-conroy-celebre-voix-de-batman-est-mort_6149525_3382.html,"Fri, 11 Nov 2022 20:23:34 +0100","L’acteur Kevin Conroy, célèbre voix de Batman, est mort","Agé de 66 ans, il avait notamment prêté sa voix au super-héros dans la série animée adaptée de DC Comics dans les années 1990."
19,https://www.lemonde.fr/disparitions/article/2022/11/11/le-peintre-herve-telemaque-est-mort_6149450_3382.html,"Fri, 11 Nov 2022 10:50:54 +0100",Le peintre Hervé Télémaque est mort,"Après avoir inventé une nouvelle manière picturale de figurer la société, l’artiste français d’origine haïtienne avait expérimenté la fabrication de sculptures et de collages. Il s’est éteint le 10 novembre à l’âge de 85 ans."
20,https://www.lemonde.fr/disparitions/article/2022/11/10/la-mort-de-gal-costa-grande-voix-de-la-musique-bresilienne_6149335_3382.html,"Thu, 10 Nov 2022 12:49:54 +0100","La mort de Gal Costa, grande voix de la musique brésilienne","Interprète d’albums à tendance pop, jazzy ou bossa-nova, elle fit partie du mouvement tropicaliste qui, sous la dictature militaire de l’AI-5, révolutionna la musique brésilienne. Elle s’est éteinte le 9 novembre, à l’âge de 77 ans."
21,https://www.lemonde.fr/disparitions/article/2022/11/09/la-mort-de-l-illustrateur-philippe-corentin_6149227_3382.html,"Wed, 09 Nov 2022 17:46:03 +0100",La mort de l’illustrateur Philippe Corentin,"Illustrateur autodidacte, il avait bousculé les conventions du livre pour enfants. Il s’est éteint le 7 novembre à l’âge de 86 ans."
22,https://www.lemonde.fr/disparitions/article/2022/11/09/la-mort-du-designer-marc-berthier-createur-des-casiers-modulables-ruches_6149101_3382.html,"Wed, 09 Nov 2022 06:46:13 +0100","La mort du designer Marc Berthier, créateur des casiers modulables Ruches","Designer industriel exigeant et créatif, il avait dessiné quelques-uns des objets les plus emblématiques de sa génération. Il s’est éteint le 3 novembre à l’âge de 87 ans."
23,https://www.lemonde.fr/afrique/article/2022/11/07/mort-de-sadek-hadjeres-figure-historique-de-la-gauche-algerienne_6148873_3212.html,"Mon, 07 Nov 2022 20:00:07 +0100","Mort de Sadek Hadjerès, figure historique de la gauche algérienne","Le militant nationaliste, ancien cadre du Parti communiste algérien, est mort le 3 novembre à Paris, où il vivait en exil depuis 1990. Il avait 94 ans."
24,https://www.lemonde.fr/disparitions/article/2022/11/07/la-mort-d-andre-hussenet-artisan-de-l-education_6148860_3382.html,"Mon, 07 Nov 2022 18:05:21 +0100","La mort d’André Hussenet, artisan de l’éducation","André Hussenet, qui a œuvré dans l’ombre de plusieurs ministres de l’éducation, est décédé le 31 octobre, à 80 ans, à l’hôpital Lariboisière à Paris. On lui doit notamment l’ouverture de classes préparatoires dans les zones difficiles."
25,https://www.lemonde.fr/disparitions/article/2022/11/07/olivier-metzger-photographe-de-l-instant-crepusculaire-est-mort_6148790_3382.html,"Mon, 07 Nov 2022 09:43:21 +0100","Olivier Metzger, photographe de l’instant crépusculaire, est mort","Le grand portraitiste de presse a été victime, le mercredi 2 novembre à Arles, d’un accident de voiture survenu sur la route des Saintes-Maries-de-la-Mer, en Provence. Il avait 49 ans."
26,https://www.lemonde.fr/disparitions/article/2022/11/04/la-mort-de-maurice-ligot-ancien-ministre-depute-et-maire-de-cholet_6148490_3382.html,"Fri, 04 Nov 2022 11:59:20 +0100","La mort de Maurice Ligot, ancien ministre, député et maire de Cholet","Ancien compagnon de route de Jacques Foccart en Afrique et ex-ministre de Valéry Giscard d’Estaing, il fut l’homme fort du Choletais pendant trente ans. Il est mort le 29 octobre à l’âge de 94 ans."
27,https://www.lemonde.fr/idees/article/2022/11/03/a-bruno-latour-ta-pensee-audacieuse-est-devenue-la-pensee-du-temps-present_6148386_3232.html,"Thu, 03 Nov 2022 17:55:39 +0100",L’éloge de Philippe Descola à Bruno Latour : « Ta pensée audacieuse est devenue la pensée du temps présent »,"Lors de l’enterrement du philosophe, l’anthropologue s’est adressé à un ami dont la « philosophie diplomatique » permet de mieux habiter la Terre à l’heure du « nouveau régime climatique »."
28,https://www.lemonde.fr/disparitions/article/2022/11/03/philippe-alexandre-journaliste-politique-sans-complaisance-est-mort_6148333_3382.html,"Thu, 03 Nov 2022 11:47:03 +0100","Philippe Alexandre, la mort d’un journaliste politique sans complaisance","Cultivant son impertinence vis-à-vis des politiques, il livra de 1969 à 1996 plus de 8 000 éditoriaux sur RTL. Il s’est éteint le 31 octobre à l’âge de 90 ans."
29,https://www.lemonde.fr/disparitions/article/2022/11/03/la-mort-du-botaniste-franklin-picard_6148309_3382.html,"Thu, 03 Nov 2022 09:25:44 +0100",La mort du botaniste Franklin Picard,"Franklin Picard, décédé le 29 octobre, à l’âge de 79 ans, était une figure de la botanique et de l’univers des jardins. Une autre de ses passions était la collection de documents sonores."
30,https://www.lemonde.fr/disparitions/article/2022/11/01/le-rappeur-americain-takeoff-membre-du-groupe-migos-tue-par-balle-a-houston_6148111_3382.html,"Tue, 01 Nov 2022 15:52:59 +0100","Le rappeur américain Takeoff, membre du groupe Migos, tué par balle à Houston","L’artiste de 28 ans a été tué alors qu’il passait la soirée dans un club de bowling de la ville texane avec Quavo, autre membre du trio."
31,https://www.lemonde.fr/actualite-medias/article/2022/10/31/mort-de-philippe-alexandre-journaliste-et-voix-emblematique-de-rtl_6148063_3236.html,"Mon, 31 Oct 2022 20:45:23 +0100","Mort de Philippe Alexandre, journaliste et voix emblématique de RTL","Connu pour ses chroniques politiques cinglantes, il s’est éteint, lundi, à l’âge de 90 ans, a annoncé sa famille."
32,https://www.lemonde.fr/disparitions/article/2022/10/31/le-grand-reporter-marc-kravetz-est-mort_6148020_3382.html,"Mon, 31 Oct 2022 12:37:40 +0100",Le grand reporter Marc Kravetz est mort,"Entré à « Libération » en 1974, il s’illustra dans le grand reportage pendant la guerre du Liban (1975-1990), puis en Iran où sa couverture de la révolution contre le chah lui valut le prix Albert-Londres en 1980. Il s’est éteint le 28 octobre à l’âge de 80 ans."
33,https://www.lemonde.fr/disparitions/article/2022/10/31/le-chercheur-et-activiste-americain-mike-davis-est-mort_6148011_3382.html,"Mon, 31 Oct 2022 11:54:56 +0100",Le chercheur et activiste américain Mike Davis est mort,"L’auteur « City of Quartz. Los Angeles, ville du futur », classique de la sociologie urbaine, s’est éteint le 25 octobre, à l’âge de 76 ans."
34,https://www.lemonde.fr/culture/article/2022/10/29/un-hommage-national-a-pierre-soulages-sera-rendu-mercredi-au-louvre_6147854_3246.html,"Sat, 29 Oct 2022 13:53:33 +0200",Un hommage national à Pierre Soulages sera rendu mercredi au Louvre,"Emmanuel Macron présidera la cérémonie qui débutera à 15 heures et sera ouverte au public, en présence de membres du gouvernement et de la famille de l’artiste."
35,https://www.lemonde.fr/disparitions/article/2022/10/28/le-pianiste-de-rock-jerry-lee-lewis-est-mort_6147777_3382.html,"Fri, 28 Oct 2022 19:02:34 +0200","Jerry Lee Lewis, pianiste au jeu infernal et légende du rock, est mort","Sa légende de toxicomane, de fou d’armes à feu, avait souvent pris le pas sur celle de musicien, d’inventeur. Les deux sont en fait inséparables. Le « Killer », comme il était surnommé, est mort le 28 octobre, à l’âge de 87 ans."
36,https://www.lemonde.fr/disparitions/article/2022/10/28/mort-de-l-ecrivain-et-editeur-maurice-olender_6147740_3382.html,"Fri, 28 Oct 2022 15:03:10 +0200","Mort de Maurice Olender, écrivain et figure de l’édition européenne","Chercheur formé à l’archéologie et à l’histoire ancienne, de même que philologue maîtrisant le grec ancien, il était un pilier de la vie des idées. Il s’est éteint à Bruxelles, le 27 octobre, à l’âge de 76 ans."
37,https://www.lemonde.fr/pixels/article/2022/10/27/mort-de-rieko-kodama-l-une-des-pionnieres-du-jeu-video-japonais_6147566_4408996.html,"Thu, 27 Oct 2022 13:53:48 +0200","Mort de Rieko Kodama, l’une des pionnières du jeu vidéo japonais","La Japonaise avait rejoint l’équipe de Sega dès 1984, où elle a participé à la création de « Sonic ». Elle est la première femme à avoir reçu un prix pour sa carrière à la Game Developers Conference."
38,https://www.lemonde.fr/disparitions/article/2022/10/26/la-mort-de-mike-birch-navigateur-canadien-premier-vainqueur-de-la-route-du-rhum_6147472_3382.html,"Wed, 26 Oct 2022 20:15:15 +0200","La mort de Mike Birch, navigateur canadien, premier vainqueur de la Route du rhum","Le skipper, venu à la voile presque par hasard en exerçant d’abord comme convoyeur, fut, en 1978, le premier vainqueur de la célèbre course transatlantique. Il est mort mercredi 26 octobre, à l’âge de 90 ans."
39,https://www.lemonde.fr/disparitions/article/2022/10/26/la-mort-de-guy-avanzini-pionnier-des-sciences-de-l-education_6147447_3382.html,"Wed, 26 Oct 2022 17:52:48 +0200","La mort de Guy Avanzini, pionnier des sciences de l’éducation","Fondateur de la section des sciences de l’éducation à l’université Lyon 2, il a consacré de nombreux ouvrages à la pédagogie. Il s’est éteint le 18 octobre, à l’âge de 93 ans."
40,https://www.lemonde.fr/disparitions/article/2022/10/26/le-peintre-pierre-soulages-est-mort_6147426_3382.html,"Wed, 26 Oct 2022 15:59:27 +0200","Pierre Soulages, le peintre qui a fait se rencontrer le noir et la lumière, est mort","Le peintre est mort dans la nuit du 25 au 26 octobre, à l’âge de 102 ans. Tout au long de sa carrière, il a voulu montrer tout ce que la rencontre du noir et de la lumière peut engendrer, y compris aussi une forme de sublime."
41,https://www.lemonde.fr/disparitions/article/2022/10/24/la-mort-du-fondateur-de-red-bull-dietrich-mateschitz-roi-inconteste-du-marketing_6147157_3382.html,"Mon, 24 Oct 2022 19:10:04 +0200","La mort du fondateur de Red Bull, Dietrich Mateschitz, roi incontesté du marketing","Après avoir lancé la boisson énergisante à base de caféine avec une famille thaïlandaise, l’homme d’affaires autrichien a investi des centaines de millions d’euros pour acheter des clubs de sport qui ont pris le nom de sa marque. Il est décédé le 22 octobre, à l’âge de 78 ans."
42,https://www.lemonde.fr/disparitions/article/2022/10/23/mort-de-dietrich-mateschitz-le-fondateur-autrichien-de-l-empire-red-bull_6146955_3382.html,"Sun, 23 Oct 2022 01:23:54 +0200","Mort de Dietrich Mateschitz, le fondateur autrichien de l’empire Red Bull","Cet homme d’affaires discret, mort à 78 ans, a construit sur le tard un mastodonte sportif et médiatique autour de son entreprise de boissons énergisantes, devenue une marque mondialement célèbre."
43,https://www.lemonde.fr/disparitions/article/2022/10/22/louis-kotra-uregei-figure-du-mouvement-independantiste-neo-caledonien-est-mort_6146916_3382.html,"Sat, 22 Oct 2022 11:12:58 +0200","Louis Kotra Uregei, figure du mouvement indépendantiste néo-calédonien, est mort",Il avait notamment participé à la signature des accords de Matignon-Oudinot en 1988. Il était âgé de 71 ans.
44,https://www.lemonde.fr/disparitions/article/2022/10/21/la-mort-de-nicole-catala-ancienne-ministre-de-jacques-chirac_6146847_3382.html,"Fri, 21 Oct 2022 19:12:02 +0200","La mort de Nicole Catala, ancienne ministre de Jacques Chirac","Ex-secrétaire d’Etat chargée de la formation professionnelle dans le gouvernement de cohabitation de Jacques Chirac, elle était une gaulliste sociale, proche de Philippe Séguin. Elle est décédée le 19 octobre à l’âge de 86 ans."
45,https://www.lemonde.fr/disparitions/article/2022/10/20/la-mort-de-jean-teule-ecrivain-chroniqueur-et-bedeaste-insatiable_6146696_3382.html,"Thu, 20 Oct 2022 19:00:04 +0200","La mort de Jean Teulé, écrivain, chroniqueur et bédéaste insatiable","Tour à tour bédéaste, chroniqueur média, puis romancier, il ne se départit jamais de l’érudition joyeuse et de la langue librement jubilatoire qui lui valurent une ferveur populaire. Il est mort d’une crise cardiaque, le 18 octobre, à l’âge de 69 ans."
46,https://www.lemonde.fr/disparitions/article/2022/10/20/l-ancienne-ministre-chiraquienne-nicole-catala-est-morte_6146554_3382.html,"Thu, 20 Oct 2022 00:35:13 +0200",L’ancienne ministre chiraquienne Nicole Catala est morte,"Ancienne députée de Paris et vice-présidente de l’Assemblée nationale, Nicole Catala, nommée en 1986 secrétaire d’Etat auprès du ministre de l’éducation nationale, est morte, mercredi, à l’âge de 86 ans."
47,https://www.lemonde.fr/disparitions/article/2022/10/19/la-mort-de-patrick-kechichian-ancien-journaliste-au-monde-des-livres_6146542_3382.html,"Wed, 19 Oct 2022 19:34:12 +0200","La mort de Patrick Kéchichian, ancien journaliste au « Monde des livres »","Passionné de lecture, il avait constitué les bases de son immense culture en autodidacte et, grimpant un à un tous les échelons, était devenu rédacteur en chef adjoint du « Monde des livres ». Le journaliste, critique littéraire et écrivain s’est éteint le 18 octobre, à l’âge de 71 ans."
48,https://www.lemonde.fr/disparitions/article/2022/10/19/la-mort-de-colette-kreder-pionniere-de-la-parite-en-france_6146533_3382.html,"Wed, 19 Oct 2022 18:43:17 +0200","Colette Kreder, pionnière de la parité en France, est morte","Militante féministe, cofondatrice du mouvement Demain la parité et de l’association Femmes et sciences, elle avait contribué à imposer la parité dans le monde politique. Elle est décédée le 14 octobre, à l’âge de 88 ans."
49,https://www.lemonde.fr/disparitions/article/2022/10/19/jean-teule-auteur-de-fleur-de-tonnerre-et-de-crenom-baudelaire-est-mort_6146516_3382.html,"Wed, 19 Oct 2022 16:59:12 +0200","Jean Teulé, auteur de « Fleur de tonnerre » et de « Crénom, Baudelaire ! », est mort","Ses éditeurs ont confirmé que Jean Teulé avait « succombé à un arrêt cardiaque » mardi 18 octobre. « Nous ressentons avec une grande tristesse la fin trop précoce de l’histoire d’un rêveur inclassable, dessinateur et poète », a salué la ministre de la culture."
50,https://www.lemonde.fr/idees/article/2022/10/19/bruno-latour-nous-invite-a-penser-la-transformation-loin-d-une-ecologie-nourrie-d-une-vision-apocalyptique_6146466_3232.html,"Wed, 19 Oct 2022 12:00:05 +0200","« Bruno Latour nous invite à penser la transformation, loin d’une écologie nourrie d’une vision apocalyptique »","Dans une tribune au « Monde », les chercheurs Jérôme Gaillardet, Camille Mazé et Olivier Ragueneau voient dans l’œuvre du sociologue disparu Bruno Latour un dépassement des clivages entre sciences sociales et sciences de la nature, ou encore entre sociologie politique et analyse des interactions du vivant."
51,https://www.lemonde.fr/disparitions/article/2022/10/18/la-mort-de-la-romanciere-et-essayiste-italienne-rosetta-loy_6146355_3382.html,"Tue, 18 Oct 2022 18:29:50 +0200","Rosetta Loy, romancière et essayiste italienne, est morte","Venue tardivement, mais avec éclat, à la littérature, Rosetta Loy laisse derrière elle une œuvre dont les prises de position antifascistes et antiracistes sont parmi les plus fermes de sa génération et des générations suivantes. Elle s’est éteinte le 1er octobre, à l’âge de 91 ans."
52,https://www.lemonde.fr/disparitions/article/2022/10/18/le-chanteur-et-compositeur-italien-franco-gatti-co-interprete-du-tube-sara-perche-ti-amo-est-mort_6146314_3382.html,"Tue, 18 Oct 2022 15:07:32 +0200","Le chanteur et compositeur italien Franco Gatti, co-interprète du tube « Sarà perché ti amo », est mort","Le titre « Sarà perché ti amo », sorti en 1981, figurera quatre ans plus tard sur la bande-son du film « L’Effrontée », de Claude Miller, avec Charlotte Gainsbourg."
53,https://www.lemonde.fr/disparitions/article/2022/10/12/jean-louis-pelletier-avocat-passeur-et-enchanteur-d-une-generation_6145483_3382.html,"Wed, 12 Oct 2022 12:39:12 +0200","Jean-Louis Pelletier, avocat passeur et enchanteur d’une génération","Connu pour défendre les grands voyous, l’avocat, qui porta pendant des années le combat pour l’abolition de la peine de mort, fut un modèle pour toute une génération de pénalistes. Il s’est éteint le 11 octobre, à 86 ans."
54,https://www.lemonde.fr/disparitions/article/2022/10/11/angela-lansbury-l-heroine-d-arabesque-est-morte_6145385_3382.html,"Tue, 11 Oct 2022 21:46:44 +0200","Angela Lansbury, l’héroïne d’« Arabesque », est morte","L’actrice américaine, figure de Broadway, avait 96 ans."
55,https://www.lemonde.fr/police-justice/article/2022/10/11/l-avocat-penaliste-jean-louis-pelletier-est-mort_6145317_1653578.html,"Tue, 11 Oct 2022 11:33:02 +0200",L’avocat pénaliste Jean-Louis Pelletier est mort,"Mentor de nombreux ténors du barreau, dont l’actuel ministre de la justice, Eric Dupond-Moretti, Mᵉ Jean-Louis Pelletier a notamment été l’avocat de Jacques Mesrine et de « Francis le Belge »."
56,https://www.lemonde.fr/disparitions/article/2022/10/09/bruno-latour-le-philosophe-doit-travailler-a-redonner-des-puissances-d-agir_6145059_3382.html,"Sun, 09 Oct 2022 11:22:59 +0200",Bruno Latour : « Le philosophe doit travailler à redonner des puissances d’agir »,"Dans une série d’entretiens pour Arte, Bruno Latour, mort dans la nuit du 8 au 9 octobre, exposait sa conception de la philosophie, expliquait comment nous avons changé de monde et par quels moyens il serait possible de l’« écologiser »."
57,https://www.lemonde.fr/disparitions/article/2022/10/09/bruno-latour-penseur-du-nouveau-regime-climatique-est-mort_6145057_3382.html,"Sun, 09 Oct 2022 11:14:50 +0200","Bruno Latour, penseur du « nouveau régime climatique », est mort","Philosophe, anthropologue et sociologue des sciences et des techniques, le professeur émérite associé à Sciences Po est décédé dans la nuit du 8 au 9 octobre. Son œuvre, célébrée dans le monde entier, et ses réflexions sur la crise écologique inspirent une nouvelle génération d’intellectuels, d’artistes et de militants."
58,https://www.lemonde.fr/disparitions/article/2022/10/06/mort-de-loretta-lynn-conservatrice-liberee-de-la-musique-country_6144667_3382.html,"Thu, 06 Oct 2022 10:55:13 +0200","Mort de Loretta Lynn, conservatrice libérée de la musique country","Fille d’un mineur du Kentucky, elle était devenue, dans les années 1960, une star grâce à ses chansons racontant les déboires de la vie domestique et ses peines de cœur. Elle s’est éteinte le 4 octobre, à l’âge de 90 ans."
59,https://www.lemonde.fr/disparitions/article/2022/10/05/la-mort-du-dessinateur-sud-coreen-kim-jung-gi_6144550_3382.html,"Wed, 05 Oct 2022 15:33:07 +0200",La mort du dessinateur sud-coréen Kim Jung Gi,"Connu pour ses performances graphiques (drawing shows) au cours desquelles il réalisait des fresques à main levée, en direct et en public, sans esquisse ni travail préparatoire, il s’est éteint le 3 octobre, à l’âge de 47 ans."
60,https://www.lemonde.fr/disparitions/article/2022/10/04/legende-de-la-musique-country-loretta-lynn-est-morte_6144382_3382.html,"Tue, 04 Oct 2022 18:01:47 +0200","Loretta Lynn, légende de la musique country, est morte à 90 ans","La chanteuse américaine se sera vu décerner presque tous les honneurs artistiques, y compris la prestigieuse médaille présidentielle de la liberté, la plus haute récompense civile de la nation, remise par Barack Obama en 2013."
61,https://www.lemonde.fr/disparitions/article/2022/10/04/la-mort-d-antonio-inoki-le-legendaire-catcheur-japonais-qui-s-etait-lance-dans-la-diplomatie-par-le-sport_6144366_3382.html,"Tue, 04 Oct 2022 16:10:50 +0200","La mort d’Antonio Inoki, le légendaire catcheur japonais qui s’était lancé dans la « diplomatie par le sport »","Cette grande figure du catch japonais, devenue sénateur, est morte le 1er octobre, à l’âge de 79 ans."
62,https://www.lemonde.fr/disparitions/article/2022/10/03/la-mort-de-jean-michel-meurice-artiste-et-realisateur_6144187_3382.html,"Mon, 03 Oct 2022 12:08:37 +0200","La mort de Jean-Michel Meurice, artiste et réalisateur","Menant une double vie entre la peinture et l’audiovisuel, il réalisa de nombreux documentaires sur des sujets sociaux, politiques ou économiques, avant d’être appelé à la direction de La Sept (actuellement Arte). Il est mort le 27 septembre, à l’âge de 83 ans."
63,https://www.lemonde.fr/disparitions/article/2022/10/03/l-avocat-daniel-soulez-lariviere-n-a-cesse-d-interroger-le-fonctionnement-de-la-justice-durant-toute-sa-carriere_6144177_3382.html,"Mon, 03 Oct 2022 11:48:27 +0200",L’avocat Daniel Soulez Larivière n’a cessé d’interroger le fonctionnement de la justice durant toute sa carrière,"Avocat influent spécialisé dans le traitement des grands sinistres, assurant notamment la défense de Total dans l’affaire AZF, il laisse une œuvre féconde, riche d’une quinzaine d’ouvrages. Il est mort le 30 septembre, à l’âge de 80 ans."
64,https://www.lemonde.fr/disparitions/article/2022/10/03/mort-de-sacheen-littlefeather-l-actrice-amerindienne-qui-avait-refuse-un-oscar-au-nom-de-marlon-brando_6144135_3382.html,"Mon, 03 Oct 2022 06:40:58 +0200","Mort de Sacheen Littlefeather, l’actrice amérindienne qui avait refusé un Oscar au nom de Marlon Brando",Elle avait été huée en 1973 lors de la cérémonie hollywoodienne durant laquelle la star lui avait demandé de refuser la statuette pour lui en signe de protestation contre le traitement des Amérindiens par l’industrie cinématographique.
65,https://www.lemonde.fr/disparitions/article/2022/10/01/daniel-soulez-lariviere-avocat-et-essayiste-est-mort-a-l-age-de-80-ans_6143988_3382.html,"Sat, 01 Oct 2022 13:04:34 +0200","Daniel Soulez Larivière, avocat et essayiste, est mort à l’âge de 80 ans","Ancien membre du conseil de l’ordre et du comité consultatif pour la révision de la Constitution (1992-1993), Daniel Soulez Larivière a écrit plusieurs ouvrages dont « L’Avocature » et « Paroles d’avocats. Anthologie d’éloquence judiciaire »."
66,https://www.lemonde.fr/disparitions/article/2022/10/01/le-celebre-catcheur-nippon-antonio-inoki-est-mort_6143953_3382.html,"Sat, 01 Oct 2022 09:06:12 +0200",Le célèbre catcheur et politicien nippon Antonio Inoki est mort,"Du haut de son 1,90 mètre, Antonio Inoki était l’un des pionniers des arts martiaux mixtes au Japon. Devenu célèbre en 1976, après un combat contre le boxeur Muhammad Ali à Tokyo, il a été sénateur de 1989 à 1995, puis élu une nouvelle fois en 2013."
67,https://www.lemonde.fr/disparitions/article/2022/09/30/la-mort-du-rappeur-americain-coolio-figure-du-rap-des-annees-1990_6143774_3382.html,"Fri, 30 Sep 2022 04:14:59 +0200","La mort du rappeur américain Coolio, figure du rap des années 1990","L’auteur du tube « Gangsta’s Paradise » avait su se placer au-dessus de la rivalité qui opposa dans les années 1990 les rappeurs issus de la Côte ouest des Etats-Unis à ceux de la Côte est. Il s’est éteint, le 28 septembre, à l’âge de 59 ans."
68,https://www.lemonde.fr/disparitions/article/2022/09/29/iconoclaste-intellectuel-revendique-paul-veyne-frayait-sa-propre-voie_6143723_3382.html,"Thu, 29 Sep 2022 16:09:52 +0200","Paul Veyne, iconoclaste intellectuel revendiqué, frayait sa propre voie","L’œuvre de l’historien, décédé le 29 septembre, apportait une analyse pluridisciplinaire, à l’encontre des grands paradigmes de pensée. Critiquée parfois, elle ne pouvait laisser indifférent."
69,https://www.lemonde.fr/le-monde-des-religions/article/2022/09/29/paul-veyne-la-question-des-origines-chretiennes-de-la-france-est-un-faux-debat_6143709_6038514.html,"Thu, 29 Sep 2022 15:00:13 +0200",Paul Veyne : « La question des origines chrétiennes de la France est un faux débat »,"Pour l’historien Paul Veyne, qui s’est éteint jeudi 29 septembre 2022, la religion n’est qu’un des éléments d’une civilisation, et non sa matrice, comme il l’expliquait en 2016 dans un entretien au « Monde des religions »."
70,https://www.lemonde.fr/disparitions/article/2022/09/29/l-historien-paul-veyne-specialiste-de-l-antiquite-grecque-et-romaine-est-mort_6143689_3382.html,"Thu, 29 Sep 2022 11:36:28 +0200","L’historien Paul Veyne, spécialiste de l’Antiquité grecque et romaine, est mort","Professeur à l’université de Provence et à l’Ecole pratique des hautes études, chercheur original et libre, il a détenu la chaire Histoire de Rome au Collège de France. Il est mort, jeudi, à l’âge de 92 ans."
71,https://www.lemonde.fr/disparitions/article/2022/09/29/la-disparition-de-l-americaine-hilaree-nelson-legende-de-l-alpinisme_6143638_3382.html,"Thu, 29 Sep 2022 06:30:26 +0200","La disparition de l’Américaine Hilaree Nelson, légende de l’alpinisme","La skieuse-alpiniste, pionnière dans son domaine, est décédée, mercredi 28 septembre, à l’âge de 49 ans, après une ultime expédition himalayenne."
72,https://www.lemonde.fr/disparitions/article/2022/09/29/mort-du-rappeur-americain-coolio-connu-notamment-pour-son-tube-gangsta-s-paradise_6143614_3382.html,"Thu, 29 Sep 2022 04:53:15 +0200","Coolio, le rappeur qui s’est fait connaître du grand public avec « Gangsta’s Paradise », est mort","L’artiste de 59 ans, Artis Leon Ivey Jr., de son vrai nom, a été découvert inconscient chez un ami à Los Angeles. En plus de ce titre phare, il avait également enregistré « Fantastic Voyage » au cours d’une longue et riche carrière."
73,https://www.lemonde.fr/disparitions/article/2022/09/28/la-mort-de-michel-pincon-sociologue-contempteur-des-puissances-de-l-argent_6143585_3382.html,"Wed, 28 Sep 2022 18:40:28 +0200","La mort de Michel Pinçon, sociologue contempteur des « puissances de l’argent »","Connu pour ses travaux sur les catégories les plus riches, qu’il avait cosignés avec son épouse Monique Charlot, il s’était distingué par la radicalité de ses analyses."
74,https://www.lemonde.fr/disparitions/article/2022/09/28/le-sociologue-michel-pincon-est-mort_6143524_3382.html,"Wed, 28 Sep 2022 11:59:44 +0200","Le sociologue Michel Pinçon, observateur de la grande bourgeoisie, est mort à l’âge de 80 ans","Ex-directeur de recherche au CNRS, il avait commencé comme sociologue des ouvriers, avant d’étudier la transmission de la richesse."
75,https://www.lemonde.fr/sport/article/2022/09/28/l-alpiniste-hilaree-nelson-retrouvee-morte-sur-les-pentes-du-mont-manaslu-dans-l-himalaya_6143506_3242.html,"Wed, 28 Sep 2022 10:17:03 +0200",L’alpiniste Hilaree Nelson retrouvée morte sur les pentes de l’Himalaya,"L’aventurière américaine de 49 ans était une grande figure de l’alpinisme, réalisant notamment la première descente à ski du mont Lhotse."
76,https://www.lemonde.fr/afrique/article/2022/09/27/aicha-ech-chenna-figure-de-la-lutte-pour-les-droits-des-femmes-au-maroc-est-morte_6143439_3212.html,"Tue, 27 Sep 2022 19:00:17 +0200","Aïcha Ech-Chenna, figure de la lutte pour les droits des femmes au Maroc, est morte","Le sort des mères célibataires et de leurs enfants était au cœur du combat de la militante, présidente fondatrice de l’association Solidarité féminine."
77,https://www.lemonde.fr/international/article/2022/09/26/youssef-al-qaradawi-predicateur-sunnite-et-guide-spirituel-des-freres-musulmans-est-mort_6143276_3210.html,"Mon, 26 Sep 2022 17:38:03 +0200","Youssef Al-Qaradawi, prédicateur sunnite et guide spirituel des Frères musulmans, est mort","Le cheikh égyptien est mort le 26 septembre. Suivi par des millions de fidèles, il prétendait incarner un islam « du juste milieu ». Certains de ses prêches, à connotation antisémite ou légitimant la violence à l’encontre des femmes, ont fait scandale."
78,https://www.lemonde.fr/culture/article/2022/09/26/le-jazzman-pharoah-sanders-est-mort_6143249_3246.html,"Mon, 26 Sep 2022 15:12:17 +0200",Le jazzman Pharoah Sanders est mort,"Le saxophoniste et compositeur accompagna John Coltrane dans les années 1960, avant de mener une longue carrière solo. Il s’est éteint, le 24 septembre, à l’âge de 81 ans."
79,https://www.lemonde.fr/disparitions/article/2022/09/25/mort-de-la-romanciere-hilary-mantel_6143130_3382.html,"Sun, 25 Sep 2022 18:35:36 +0200",Mort de la romancière Hilary Mantel,"Autrice de romans historiques, célèbre pour sa trilogie sur Thomas Cromwell, l’écrivaine est décédée le 22 septembre."
80,https://www.lemonde.fr/disparitions/article/2022/09/24/legende-du-jazz-le-saxophoniste-pharoah-sanders-est-mort_6143040_3382.html,"Sat, 24 Sep 2022 17:32:54 +0200","Légende du jazz, le saxophoniste Pharoah Sanders est mort","Le saxophoniste et compositeur fut le compagnon musical des dernières années de John Coltrane. Tout au long de sa carrière, il a embrassé l’influence des musiques africaine et indienne."
81,https://www.lemonde.fr/disparitions/article/2022/09/24/mort-de-l-actrice-louise-fletcher-connue-pour-son-role-d-infirmiere-dans-vol-au-dessus-d-un-nid-de-coucou_6143033_3382.html,"Sat, 24 Sep 2022 15:58:09 +0200","Mort de l’actrice Louise Fletcher, connue pour son rôle d’infirmière dans « Vol au-dessus d’un nid de coucou »",Elle avait reçu l’Oscar de la meilleure actrice en 1976 pour avoir incarné l’infirmière tyrannique dans le chef-d’œuvre de Milos Forman.
82,https://www.lemonde.fr/disparitions/article/2022/09/23/la-mort-de-l-ecrivain-francois-bott-ancien-responsable-du-monde-des-livres_6142927_3382.html,"Fri, 23 Sep 2022 18:08:51 +0200","La mort de l’écrivain François Bott, ancien responsable du « Monde des livres »","Responsable du « Monde des livres » de 1983 à 1991, il laisse derrière lui le souvenir d’un auteur à la fois érudit et généreux. Il s’est éteint le 22 septembre, à 87 ans."
83,https://www.lemonde.fr/disparitions/article/2022/09/23/hilary-mantel-la-romanciere-britannique-deux-fois-laureate-du-booker-prize-est-morte-a-70-ans_6142911_3382.html,"Fri, 23 Sep 2022 16:21:31 +0200","Hilary Mantel, romancière britannique deux fois lauréate du Booker Prize, est morte à 70 ans","L’écrivaine est connue pour sa trilogie « Le Conseiller », consacrée à la vie tumultueuse de Thomas Cromwell, un des principaux acteurs de la Réforme en Angleterre."
84,https://www.lemonde.fr/disparitions/article/2022/09/23/la-mort-du-dessinateur-francois-corteggiani_6142842_3382.html,"Fri, 23 Sep 2022 09:36:37 +0200",La mort du dessinateur François Corteggiani,L’auteur de bande dessinée et ancien rédacteur en chef de « Pif-Gadget » est mort le 21 septembre à l’âge de 69 ans.
85,https://www.lemonde.fr/disparitions/article/2022/09/22/la-mort-de-serge-tamagnot-photographe-et-artiste-de-collages_6142726_3382.html,"Thu, 22 Sep 2022 13:03:31 +0200","La mort de Serge Tamagnot, photographe et artiste de collages","Photographe de célébrités et auteur de collages surréalistes, cet autodidacte fantasque fut le grand ami de l’écrivain Marcel Jouhandeau, du poète Jean Sénac et de l’animateur Pascal Sevran. Il s’est éteint le 20 septembre, à Paris, à l’âge de 90 ans."
86,https://www.lemonde.fr/disparitions/article/2022/09/19/la-mort-du-philosophe-americain-saul-kripke_6142293_3382.html,"Mon, 19 Sep 2022 17:35:48 +0200",La mort du philosophe américain Saul Kripke,"Professeur de philosophie des plus grandes universités américaines sans avoir fait de thèse, il a rendu par ses ouvrages, notamment « La Logique des noms propres », sa dignité à la métaphysique. Il s’est éteint le 15 septembre à l’âge de 81 ans."
87,https://www.lemonde.fr/disparitions/article/2022/09/17/mort-de-bruno-bonduelle-ancien-pdg-du-geant-des-legumes-en-conserve_6142070_3382.html,"Sat, 17 Sep 2022 16:47:47 +0200","Mort de Bruno Bonduelle, ancien PDG du géant des légumes en conserve","Membre de la cinquième génération depuis la création de l’entreprise familiale, Bruno Bonduelle en a été PDG de 1985 à 1994. Il s’était aussi beaucoup investi dans la promotion de la région de Lille."
88,https://www.lemonde.fr/disparitions/article/2022/09/16/la-mort-de-la-danseuse-francoise-dupuy_6141977_3382.html,"Fri, 16 Sep 2022 19:31:51 +0200",La mort de la danseuse Françoise Dupuy,"Danseuse et chorégraphe, elle était une personnalité emblématique de la scène chorégraphique depuis les années 1940. Elle s’est éteinte dans la nuit du 14 au 15 septembre, à l’âge de 97 ans."
89,https://www.lemonde.fr/disparitions/article/2022/09/15/la-mort-de-kenneth-starr-procureur-du-monicagate-scandale-de-la-presidence-clinton_6141721_3382.html,"Thu, 15 Sep 2022 11:47:09 +0200","La mort de Kenneth Starr, procureur du « Monicagate », scandale de la présidence Clinton","L’enquête du procureur américain sur la liaison entre Bill Clinton et une stagiaire de la Maison Blanche, Monica Lewinsky, avait abouti à la procédure d’impeachment du 42ᵉ président des Etats-Unis, avant qu’il soit finalement acquitté en 1999. Kenneth Starr est mort le 13 septembre, à l’âge de 76 ans."
90,https://www.lemonde.fr/disparitions/article/2022/09/15/irene-papas-l-actrice-engagee-contre-les-colonels-est-morte_6141689_3382.html,"Thu, 15 Sep 2022 08:53:46 +0200","Irène Papas, l’actrice engagée contre les colonels, est morte","La comédienne grecque, qui fut l’une des plus grandes de sa génération, a joué dans plusieurs théâtres internationaux et tourné plus de soixante-dix films, subjuguant metteurs en scène et cinéastes. Elle s’est éteinte le 14 septembre à l’âge de 93 ans."
91,https://www.lemonde.fr/disparitions/article/2022/09/14/mort-de-l-actrice-irene-papas-star-de-zorba-le-grec_6141573_3382.html,"Wed, 14 Sep 2022 11:42:56 +0200","Mort de l’actrice Irène Papas, star de « Zorba le Grec » et « Les canons de Navarone »","Actrice grecque parmi les plus connues à l’étranger, elle a joué dans une soixantaine de films. Sa mort à l’âge de 93 ans a été annoncée mercredi."
92,https://www.lemonde.fr/international/article/2022/09/13/kenneth-starr-le-procureur-de-l-affaire-clinton-lewinsky-est-mort-a-l-age-de-76-ans_6141501_3210.html,"Tue, 13 Sep 2022 23:40:21 +0200","Kenneth Starr, le procureur de l’affaire Clinton-Lewinsky, est mort à l’âge de 76 ans","Le juriste, qui a brièvement défendu Donald Trump lors de son premier procès en destitution, s’est éteint dans un hôpital de Houston « à cause de complications ayant suivi une intervention chirurgicale », ont précisé ses proches dans un communiqué."
93,https://www.lemonde.fr/culture/article/2022/09/13/mort-de-jean-luc-godard-le-cineaste-a-eu-recours-a-l-assistance-au-suicide_6141446_3246.html,"Tue, 13 Sep 2022 16:05:14 +0200",Jean-Luc Godard est mort en ayant eu recours à l’assistance au suicide,"« M. Godard a eu recours à l’assistance légale en Suisse d’un départ volontaire suite à de multiples pathologies invalidantes selon les termes du rapport médical », a fait savoir le conseiller de la famille du réalisateur franco-suisse, qui est mort mardi."
94,https://www.lemonde.fr/disparitions/article/2022/09/13/jean-luc-godard-critique-de-cinema-paradoxal-et-provocateur_6141435_3382.html,"Tue, 13 Sep 2022 13:59:21 +0200","Jean-Luc Godard, critique de cinéma paradoxal et provocateur","Jean-Luc Godard, mort le 13 septembre, à l’âge de 91 ans, a commencé sa carrière dans les années 1950 comme critique, notamment pour les « Cahiers du cinéma ». Il a alors 20 ans et s’appuie sur une remarquable érudition littéraire."
95,https://www.lemonde.fr/culture/live/2022/09/13/mort-de-jean-luc-godard-en-direct-posez-vos-questions-a-notre-journaliste_6141393_3246.html,"Tue, 13 Sep 2022 13:56:05 +0200","Mort de Jean-Luc Godard, en direct : retrouvez les réactions et les hommages adressés au cinéaste","Le réalisateur franco-suisse s’est éteint mardi, à l’âge de 91 ans. Selon le conseiller de sa famille, il a eu recours à l’assistance au suicide, légale en Suisse."
96,https://www.lemonde.fr/disparitions/article/2022/09/13/l-abecedaire-de-jean-luc-godard_6141430_3382.html,"Tue, 13 Sep 2022 13:21:44 +0200",L’abécédaire de Jean-Luc Godard,"C comme cinéma, F comme France ou R comme rêve... En 1987, le réalisateur, mort le 13 septembre, à l’âge de 91 ans, avait accepté de se prêter au jeu que lui proposait alors le journaliste Olivier Péretié. Extrait."
97,https://www.lemonde.fr/disparitions/article/2022/09/13/la-mort-de-javier-marias-virtuose-de-la-litterature-espagnole_6141425_3382.html,"Tue, 13 Sep 2022 12:47:19 +0200","La mort de Javier Marias, virtuose de la littérature espagnole","Avec une œuvre traduite dans près de 40 langues et publiée dans une soixantaine de pays, il fut l’un des auteurs castillans les plus lus au monde, montrant qu’une littérature exigeante et subtile peut satisfaire les appétits d’un très vaste public. Il s’est éteint le 11 septembre à l’âge de 70 ans."
98,https://www.lemonde.fr/disparitions/article/2022/09/13/jean-luc-godard-et-la-television-un-rapport-complexe_6141422_3382.html,"Tue, 13 Sep 2022 12:31:50 +0200","Jean-Luc Godard et la télévision, un rapport complexe","Le cinéaste, mort mardi, à l’âge de 91 ans, n’avait jamais de mots assez durs envers la petite lucarne. Pourtant, il a tourné à plusieurs reprises pour la télévision et s’est construit un véritable personnage de trublion médiatique."
99,https://www.lemonde.fr/disparitions/article/2022/09/13/le-realisateur-alain-tanner-figure-emblematique-de-la-nouvelle-vague-en-suisse-est-mort_6141419_3382.html,"Tue, 13 Sep 2022 12:18:28 +0200","Le réalisateur Alain Tanner, figure emblématique de la Nouvelle Vague en Suisse, est mort","Son œuvre riche d’une vingtaine de longs-métrages fit exister sans la moindre complaisance son pays sur la carte du cinéma. Il s’est éteint, le 11 septembre, à l’âge de 92 ans."
100,https://www.lemonde.fr/cinema/article/2022/09/13/godard-a-propos-de-truffaut-ce-qui-nous-enchainait-c-etait-l-ecran-et-l-ecran-seul_6141411_3476.html,"Tue, 13 Sep 2022 11:52:55 +0200","Godard à propos de Truffaut : « Ce qui nous enchaînait, c’était l’écran et l’écran seul »","Jean-Luc Godard, mort le 13 septembre, à l’âge de 91 ans, a écrit en 1988 une courte préface à la « Correspondance » de François Truffaut, disparu quatre ans plus tôt. Ce texte témoigne de l’inclination et du talent du réalisateur pour l’écriture."
101,https://www.lemonde.fr/disparitions/article/2022/09/13/l-art-de-godard-inseparable-de-la-peinture_6141405_3382.html,"Tue, 13 Sep 2022 11:35:49 +0200","L’art de Godard, inséparable de la peinture","De « Pierrot le fou » au « Livre d’image », les citations et allusions picturales dans les films du cinéaste, mort le 13 septembre à l’âge de 91 ans, sont très fréquentes."
102,https://www.lemonde.fr/disparitions/article/2022/09/13/la-mort-du-poete-et-romancier-belge-marc-rombaut_6141397_3382.html,"Tue, 13 Sep 2022 11:18:59 +0200",La mort du poète et romancier belge Marc Rombaut,"Eclectique et curieux, le romancier, poète, critique d’opéra et journaliste de radio fit paraître de nombreux ouvrages consacrés à sa passion pour l’Italie et l’Afrique. Il s’est éteint le 29 août à l’âge de 83 ans."
103,https://www.lemonde.fr/cinema/article/2022/09/13/godard-existe-probablement-en-dehors-de-la-comprehension-l-hommage-de-grands-realisateurs_6141396_3476.html,"Tue, 13 Sep 2022 11:17:40 +0200","Kirill Serebrennikov : « Godard, ou le triomphe de la volonté »","Des cinéastes du monde entier racontent leur découverte du travail de Jean-Luc Godard, mort le 13 septembre, à l’âge de 91 ans, et comment cela a profondément imprimé leur réflexion artistique."
104,https://www.lemonde.fr/disparitions/article/2022/09/13/jean-luc-godard-le-moment-heureux-pour-le-cinema-c-est-presque-avant-qu-on-en-fasse_6141384_3382.html,"Tue, 13 Sep 2022 10:45:08 +0200","Jean-Luc Godard à travers cinq entretiens dans les archives du « Monde » : « Le moment heureux pour le cinéma, c’est presque avant qu’on en fasse »","En près de soixante ans de carrière et autant de films, le cinéaste s’est souvent exprimé dans les pages du « Monde » sur la littérature, la politique, la télévision, le sport, mais surtout sur le cinéma. Au moment de sa mort, nous proposons de relire cinq interviews publiées depuis 1960."
105,https://www.lemonde.fr/disparitions/video/2022/09/13/jean-luc-godard-une-vie-de-revolutions_6141380_3382.html,"Tue, 13 Sep 2022 10:44:00 +0200","Jean-Luc Godard, une vie de révolutions",Jean-Luc Godard est mort mardi 13 septembre à l’âge de 91 ans. Il a laissé derrière lui plus de 70 films mais il aura surtout influencé durablement le cinéma français.
106,https://www.lemonde.fr/disparitions/article/2022/09/13/le-realisateur-jean-luc-godard-est-mort_6141379_3382.html,"Tue, 13 Sep 2022 10:43:58 +0200",Le réalisateur Jean-Luc Godard est mort,"Dès les années 1960, Jean-Luc Godard a fait partie de ceux qui ont repoussé les limites esthétiques et narratives du 7e art et incarné la Nouvelle Vague. Il est mort mardi 13 septembre à l’âge de 91 ans, après avoir eu recours à l’assistance au suicide, en Suisse."
107,https://www.lemonde.fr/culture/article/2022/09/12/mort-de-william-klein-un-cineaste-radical_6141294_3246.html,"Mon, 12 Sep 2022 19:00:04 +0200","Mort de William Klein, un cinéaste radical","L’artiste, mort samedi, à l’âge de 96 ans, a développé dans ses films une esthétique emportant une vraie radicalité politique."
108,https://www.lemonde.fr/culture/article/2022/09/12/william-klein-l-outsider-de-la-photographie-est-mort_6141276_3246.html,"Mon, 12 Sep 2022 17:27:07 +0200","William Klein, l’outsider de la photographie, est mort","Le photographe avait cassé les codes de la discipline avec son livre sur New York, en 1956, marquant des générations d’artistes. D’abord formé à la peinture, passé au cinéma, cet Américain installé en France, provocateur et iconoclaste, est mort le 10 septembre, à 96 ans."
109,https://www.lemonde.fr/disparitions/article/2022/09/12/la-mort-de-l-ecrivain-espagnol-javier-marias_6141208_3382.html,"Mon, 12 Sep 2022 08:17:03 +0200","Mort de Javier Marias, éminent romancier madrilène","L’éminent romancier madrilène, auteur d’« Un cœur si blanc » ou de « Berta Isla », s’est éteint dans sa ville natale, dimanche 11 septembre, des suites d’une pneumonie, à l’âge de 70 ans."
110,https://www.lemonde.fr/disparitions/article/2022/09/11/mort-du-cineaste-suisse-alain-tanner-a-l-age-de-92-ans_6141166_3382.html,"Sun, 11 Sep 2022 18:14:58 +0200",Mort du cinéaste suisse Alain Tanner à l’âge de 92 ans,"Avec plus de vingt films à son actif, Alain Tanner est considéré comme un pionnier du mouvement cinématographique de la Nouvelle Vague dans son pays."
111,https://www.lemonde.fr/disparitions/article/2022/09/11/l-ecrivain-espagnol-javier-marias-est-mort_6141161_3382.html,"Sun, 11 Sep 2022 17:18:07 +0200",L’écrivain espagnol Javier Marias est mort,"Figure de proue de la littérature espagnole, l’auteur avait 70 ans. Il est mort dimanche à Madrid des suites d’une pneumonie."
112,https://www.lemonde.fr/le-monde-des-religions/article/2022/09/11/de-la-reine-elizabeth-ii-au-roi-charles-iii-la-foi-et-la-religion-anglicane-en-heritage_6141118_6038514.html,"Sun, 11 Sep 2022 06:09:39 +0200","De la reine Elizabeth II au roi Charles III, la foi et la religion anglicane en héritage","Dès le début de son règne, Elizabeth II a pris très à cœur son titre de défenseur de la foi et gouverneur suprême de l’Eglise d’Angleterre. La religion a toujours été très présente dans la vie de la souveraine, qui s’est aussi ouverte aux autres traditions chrétiennes."
113,https://www.lemonde.fr/disparitions/article/2022/09/09/la-mort-du-syndicaliste-claude-pitous_6140937_3382.html,"Fri, 09 Sep 2022 14:08:53 +0200",La mort du syndicaliste Claude Pitous,"Effectuant toute sa carrière professionnelle au PTT, ce syndicaliste connu pour son combat pour la transformation de la condition salariale avait failli être secrétaire général de FO. Il s’est éteint le 4 septembre à l’âge de 86 ans."
114,https://www.lemonde.fr/disparitions/video/2022/09/09/mort-d-elizabeth-ii-de-paddington-a-james-bond-la-reine-des-series-et-du-cinema_6140900_3382.html,"Fri, 09 Sep 2022 11:22:29 +0200","Mort d’Elizabeth II : de Paddington à James Bond, la reine des séries et du cinéma",La plupart des réalisateurs qui se sont intéressés à la reine ont mis l’accent sur la personne qui se cache derrière la fonction sacrée.
115,https://www.lemonde.fr/disparitions/video/2022/09/09/mort-de-la-reine-elizabeth-ii-retour-sur-ses-voyages-en-france_6140872_3382.html,"Fri, 09 Sep 2022 09:35:10 +0200",Mort de la reine Elizabeth II : retour sur ses voyages en France,La reine d’Angleterre parlait très bien le français. Sa première visite officielle en France remontait à 1948. Elle a ensuite rencontré neuf présidents de la République. Un record.
116,https://www.lemonde.fr/disparitions/article/2022/09/09/reine-de-la-decolonisation-elizabeth-ii-a-permis-a-londres-de-garder-son-influence_6140860_3382.html,"Fri, 09 Sep 2022 06:30:10 +0200","Elizabeth II : reine de la décolonisation, la monarque a permis à Londres de garder son influence","Lors de sa disparition, le 8 septembre, la monarque régnait encore sur 15 Etats, dont le Canada et l’Australie, la Jamaïque et les Bahamas. Et était à la tête du Commonwealth, qui réunit 56 pays – dont l’Inde et l’Afrique du Sud."
117,https://www.lemonde.fr/disparitions/article/2022/09/09/mort-d-elizabeth-ii-seuls-27-des-britanniques-sont-favorables-a-l-abolition-de-la-monarchie_6140852_3382.html,"Fri, 09 Sep 2022 06:00:13 +0200",Mort d’Elizabeth II : seuls 27 % des Britanniques sont favorables à l’abolition de la monarchie,"Le maintien d’un haut degré de popularité à l’égard d’une institution, pourtant proche des « élites » contestées, restera comme l’un des succès de la reine, morte le 8 septembre, à l’âge de 96 ans."
118,https://www.lemonde.fr/disparitions/article/2022/09/09/la-reine-elizabeth-ii-dans-les-arts-sept-decennies-de-respect_6140833_3382.html,"Fri, 09 Sep 2022 04:00:07 +0200",La reine Elizabeth II dans les arts : sept décennies de respect,"Photographiée et peinte des milliers de fois, jouée au cinéma et au théâtre, Elizabeth II, morte le 8 septembre à l’âge de 96 ans, a quasiment toujours été représentée de façon respectueuse, voire révérencieuse."
119,https://www.lemonde.fr/disparitions/article/2022/09/09/elizabeth-ii-la-reine-des-collectionneuses-d-art_6140830_3382.html,"Fri, 09 Sep 2022 02:00:10 +0200","Elizabeth II, la reine des collectionneuses d’art","Peintures, photographies, bijoux… Avec 200 000 œuvres, la couronne britannique possède le plus grand patrimoine artistique privé du monde."
120,https://www.lemonde.fr/disparitions/article/2022/09/09/elizabeth-ii-et-margaret-thatcher-deux-rivales-au-pouvoir_6140825_3382.html,"Fri, 09 Sep 2022 00:00:08 +0200","Elizabeth II et Margaret Thatcher, deux rivales au pouvoir","Les rapports entre la reine et sa première ministre de 1979 à 1990 ont été difficiles. A l’heure de la mort de « The Queen », le 8 septembre à 96 ans, retour sur ce que fut sa relation avec  « Maggie »."
121,https://www.lemonde.fr/disparitions/article/2022/09/08/elizabeth-ii-de-la-seconde-guerre-mondiale-au-brexit-a-ete-une-reine-europeenne_6140817_3382.html,"Thu, 08 Sep 2022 22:00:03 +0200","Elizabeth II, de la seconde guerre mondiale au Brexit, a été une reine européenne","La souveraine, morte le 8 septembre à 96 ans, semblait reconnaître l’existence d’un lien entre la paix et la construction européenne. Mais celle qui avait eu 19 ans en 1945 n’aura pas su faire entendre cet attachement aux Britanniques favorables à la sortie de l’Union."
122,https://www.lemonde.fr/disparitions/article/2022/09/08/elizabeth-ii-et-lady-diana-histoire-d-une-fracture_6140810_3382.html,"Thu, 08 Sep 2022 21:20:26 +0200",Elizabeth II et Lady Diana : histoire d’une fracture,"La mort brutale de la « princesse des cœurs », en 1997, avait déclenché une immense émotion dans le royaume. La reine, morte le 8 septembre à l’âge de 96 ans, était, de son côté, restée de glace. Au bout de six jours, elle consentit à sortir de son mutisme."
123,https://www.lemonde.fr/disparitions/article/2022/09/08/lilibet-second-lieutenant-windsor-matricule-230873_6140803_3382.html,"Thu, 08 Sep 2022 20:49:48 +0200","Elizabeth II : « Lilibet », second lieutenant Windsor, matricule 230873","Entre 1939 et 1945, la future reine Elizabeth II, morte le 8 septembre, a participé à l’effort de guerre en tant qu’apprentie conductrice d’ambulances et mécanicienne sous le matricule 230873."
124,https://www.lemonde.fr/disparitions/article/2022/09/08/la-reine-elizabeth-ii-etait-la-plus-ancienne-cheffe-d-etat-du-monde_6140789_3382.html,"Thu, 08 Sep 2022 19:46:48 +0200",La reine Elizabeth II était la plus ancienne cheffe d’Etat du monde,"Arrivée sur le trône au temps des trains à vapeur et du mariage à vie, la reine, morte le 8 septembre à l’âge de 96 ans, aura voyagé en supersonique et connu le divorce de trois de ses enfants."
125,https://www.lemonde.fr/disparitions/article/2022/09/08/la-reine-elizabeth-ii-est-morte-apres-soixante-dix-ans-d-un-regne-hors-du-commun_6140784_3382.html,"Thu, 08 Sep 2022 19:36:59 +0200","Elizabeth II : après soixante-dix ans d’un règne hors du commun, la souveraine laisse une empreinte durable sur la monarchie","La reine, qui avait accédé au trône en 1952 à l’âge de 25 ans, est morte le 8 septembre à 96 ans. Monarque impassible, vénérée par le peuple britannique, cheffe des armées, gouverneure suprême de l’Eglise anglicane, elle a été l’interlocutrice de quinze premiers ministres britanniques."
126,https://www.lemonde.fr/disparitions/article/2022/09/08/la-mort-de-louis-fabrice-latour-figure-des-vins-de-bourgogne_6140761_3382.html,"Thu, 08 Sep 2022 17:39:25 +0200","La mort de Louis-Fabrice Latour, figure des vins de Bourgogne","Depuis 1999, il présidait aux destinées de la maison de négoce beaunoise Louis Latour, fondée au XVIIIe siècle. Il s’est éteint dans la nuit du 5 au 6 septembre, à l’âge de 58 ans."
127,https://www.lemonde.fr/disparitions/article/2022/09/08/la-mort-de-serge-bolloch-ancien-journaliste-au-monde_6140738_3382.html,"Thu, 08 Sep 2022 15:49:36 +0200","La mort de Serge Bolloch, ancien journaliste au « Monde »","Rédacteur pendant près de trente ans au quotidien du soir, il avait suivi l’actualité de l’enseignement supérieur, le sport et l’information régionale, participant notamment à la création du « Monde Rhône-Alpes ». Il s’est éteint le 4 septembre, à l’âge de 77 ans."
128,https://www.lemonde.fr/disparitions/article/2022/09/08/la-mort-de-just-jaeckin-cineaste-de-l-hedonisme-des-annees-1970_6140681_3382.html,"Thu, 08 Sep 2022 09:42:23 +0200","La mort de Just Jaeckin, cinéaste de l’hédonisme des années 1970","Le réalisateur a connu la célébrité dès son premier film, « Emmanuelle », un succès réitéré avec « Histoire d’O ». Egalement photographe et sculpteur, il est mort le 6 septembre, à l’âge de 82 ans."
129,https://www.lemonde.fr/disparitions/article/2022/09/07/la-mort-du-pianiste-et-chef-d-orchestre-allemand-lars-vogt_6140545_3382.html,"Wed, 07 Sep 2022 11:42:21 +0200",La mort du pianiste et chef d’orchestre allemand Lars Vogt,"Directeur musical de l’Orchestre de chambre de Paris depuis 2020, le musicien, diagnostiqué en mars 2021 d’un cancer du foie inopérable, s’est éteint le 5 septembre à Erlangen, à l’âge de 51 ans"
130,https://www.lemonde.fr/disparitions/article/2022/09/07/just-jaeckin-le-realisateur-d-emmanuelle-est-mort-a-l-age-de-82-ans_6140518_3382.html,"Wed, 07 Sep 2022 10:03:59 +0200","Just Jaeckin, le réalisateur d’« Emmanuelle », est mort à l’âge de 82 ans","Le film, qui a connu un succès international, du Japon aux Etats-Unis, raconte les aventures sexuelles d’une jeune femme en Asie. Just Jaeckin réalisera ensuite « Histoire d’O » et, à nouveau avec Sylvia Kristel, « L’Amant de Lady Chatterley »."
131,https://www.lemonde.fr/culture/article/2022/09/06/regis-durand-en-quelques-dates_6140390_3246.html,"Tue, 06 Sep 2022 11:40:51 +0200",Régis Durand en quelques dates,
132,https://www.lemonde.fr/culture/article/2022/09/06/la-mort-de-regis-durand-defenseur-de-l-image-contemporaine_6140389_3246.html,"Tue, 06 Sep 2022 11:40:07 +0200","La mort de Régis Durand, défenseur de l’image contemporaine","Le critique d’art et commissaire d’exposition, qui fut le premier directeur du Jeu de paume, lieu consacré à la photographie, est mort le 25 août, à l’âge de 80 ans"
133,https://www.lemonde.fr/disparitions/article/2022/09/06/la-mort-de-kazuo-inamori-industriel-japonais-et-moine-bouddhiste_6140357_3382.html,"Tue, 06 Sep 2022 08:57:51 +0200","La mort de Kazuo Inamori, industriel japonais et moine bouddhiste","Grand patron né dans une famille modeste, philanthrope et non conformiste, il fit de Kyoto Ceramics un fleuron de l’industrie nippone, avant de voler à la rescousse de Japan Airlines. Il s’est éteint le 24 août, à l’âge de 90 ans."
134,https://www.lemonde.fr/disparitions/article/2022/08/31/mort-de-mikhail-gorbatchev-macron-salue-un-homme-de-paix-poutine-en-reste-a-de-profondes-condoleances_6139567_3382.html,"Wed, 31 Aug 2022 01:45:13 +0200","Mort de Mikhaïl Gorbatchev : Emmanuel Macron salue un « homme de paix », Vladimir Poutine « un homme d’Etat qui a eu une grande influence sur l’évolution de l’histoire du monde »","Les premières réactions internationales à la disparition du père de la perestroïka saluent « l’engagement », le « courage » et le « rôle crucial » d’un homme qui a contribué à mettre fin à la guerre froide."
135,https://www.lemonde.fr/disparitions/article/2022/08/30/mikhail-gorbatchev-le-dernier-dirigeant-de-l-urss-est-mort_6139559_3382.html,"Tue, 30 Aug 2022 22:47:54 +0200","Mikhaïl Gorbatchev, le dernier dirigeant de l’URSS, est mort","Artisan du rapprochement Est-Ouest, le père de la perestroïka s’est éteint à l’âge de 91 ans. Perçu en Russie comme le responsable du chaos qui a suivi la chute de l’Union soviétique, il avait quitté la vie politique en 1991."
136,https://www.lemonde.fr/disparitions/article/2022/08/30/camilo-guevara-march-fils-de-che-guevara-est-mort_6139550_3382.html,"Tue, 30 Aug 2022 19:45:35 +0200","Camilo Guevara March, fils d’Ernesto « Che » Guevara, est mort","Diplômé en droit du travail, l’ancien directeur du Centre d’études Che-Guevara à La Havane, une institution dédiée à la mémoire de l’œuvre et de la pensée du Che, est mort à l’âge de 60 ans."
